station,deployment_membership_value_threshold_array_for_month_1,running_average_size_minutes_for_month_1,deployment_membership_value_threshold_array_for_month_2,running_average_size_minutes_for_month_2,deployment_membership_value_threshold_array_for_month_3,running_average_size_minutes_for_month_3,deployment_membership_value_threshold_array_for_month_4,running_average_size_minutes_for_month_4,deployment_membership_value_threshold_array_for_month_5,running_average_size_minutes_for_month_5,deployment_membership_value_threshold_array_for_month_6,running_average_size_minutes_for_month_6,deployment_membership_value_threshold_array_for_month_7,running_average_size_minutes_for_month_7,deployment_membership_value_threshold_array_for_month_8,running_average_size_minutes_for_month_8,deployment_membership_value_threshold_array_for_month_9,running_average_size_minutes_for_month_9,deployment_membership_value_threshold_array_for_month_10,running_average_size_minutes_for_month_10,deployment_membership_value_threshold_array_for_month_11,running_average_size_minutes_for_month_11,deployment_membership_value_threshold_array_for_month_12,running_average_size_minutes_for_month_12,dNetNorm,dMarketBalancePercentage,dMarketNetNorm
KATL,0.5,1,0.5,1,0.5,1,0.5,1,0.5,1,0.5,1,0.5,1,0.5,1,0.5,1,0.5,1,0.5,1,0.5,1,0.5295832474309602,0.88768604836103,0.4701036601901907
KBOS,0.5,1,0.5,1,0.5,1,0.5,1,0.5,1,0.5,1,0.5,1,0.5,1,0.5,1,0.5,1,0.5,1,0.5,1,0.33702780321357656,0.9220378204946194,0.3107523811211356
KBWI,0.5,1,0.5,1,0.5,1,0.5,1,0.5,1,0.5,1,0.5,1,0.5,1,0.5,1,0.5,1,0.5,1,0.5,1,0.6177176207845894,0.8964287860276003,0.553739856907787
KCLE,0.5,1,0.5,1,0.5,1,0.5,1,0.5,1,0.5,1,0.5,1,0.5,1,0.5,1,0.5,1,0.5,1,0.5,1,0.541229653507551,0.9225040163791971,0.49928652914423705
KCLT,0.5,1,0.5,1,0.5,1,0.5,1,0.5,1,0.5,1,0.5,1,0.5,1,0.5,1,0.5,1,0.5,1,0.5,1,0.6708949652921491,0.8834589572450263,0.5927081664579401
KCVG,0.5,1,0.5,1,0.5,1,0.5,1,0.5,1,0.5,1,0.5,1,0.5,1,0.5,1,0.5,1,0.5,1,0.5,1,0.5902503516671693,0.9074993820856126,0.5356518294137718
KDCA,0.5,1,0.5,1,0.5,1,0.5,1,0.5,1,0.5,1,0.5,1,0.5,1,0.5,1,0.5,1,0.5,1,0.5,1,0.452578568060362,0.9183750153997783,0.41563684941204454
KDEN,0.5,1,0.5,1,0.5,1,0.5,1,0.5,1,0.5,1,0.5,1,0.5,1,0.5,1,0.5,1,0.5,1,0.5,1,0.47451536837172376,0.91920325686654,0.43617607204051445
KDFW,0.5,1,0.5,1,0.5,1,0.5,1,0.5,1,0.5,1,0.5,1,0.5,1,0.5,1,0.5,1,0.5,1,0.5,1,0.4311329950365292,0.9346122833974837,0.40294219293908656
KDTW,0.5,1,0.5,1,0.5,1,0.5,1,0.5,1,0.5,1,0.5,1,0.5,1,0.5,1,0.5,1,0.5,1,0.5,1,0.5469090738400082,0.9198907724335578,0.5030966103856068
KEUG,0.5,1,0.5,1,0.5,1,0.5,1,0.5,1,0.5,1,0.5,1,0.5,1,0.5,1,0.5,1,0.5,1,0.5,1,0.675005174882677,0.9185648354920352,0.6200360174223786
KIAH,0.5,1,0.5,1,0.5,1,0.5,1,0.5,1,0.5,1,0.5,1,0.5,1,0.5,1,0.5,1,0.5,1,0.5,1,0.6567002065083541,0.9187066044726573,0.6033148168777829
KLAS,0.5,1,0.5,1,0.5,1,0.5,1,0.5,1,0.5,1,0.5,1,0.5,1,0.5,1,0.5,1,0.5,1,0.5,1,0.42418137739491335,0.9154452045931,0.3883148078138694
KLAX,0.5,1,0.5,1,0.5,1,0.5,1,0.5,1,0.5,1,0.5,1,0.5,1,0.5,1,0.5,1,0.5,1,0.5,1,0.8133387550326238,0.9334154911496959,0.7591829934998587
KLGA,0.5,1,0.5,1,0.5,1,0.5,1,0.5,1,0.5,1,0.5,1,0.5,1,0.5,1,0.5,1,0.5,1,0.5,1,0.38394770871076,0.9046713050182488,0.3473464746981297
KMCI,0.5,1,0.5,1,0.5,1,0.5,1,0.5,1,0.5,1,0.5,1,0.5,1,0.5,1,0.5,1,0.5,1,0.5,1,0.6166601565367724,0.9399556450620864,0.579633195221609
KMCO,0.5,1,0.5,1,0.5,1,0.5,1,0.5,1,0.5,1,0.5,1,0.5,1,0.5,1,0.5,1,0.5,1,0.5,1,0.583076175787241,0.9127221227587312,0.5321865248945737
KMSP,0.5,1,0.5,1,0.5,1,0.5,1,0.5,1,0.5,1,0.5,1,0.5,1,0.5,1,0.5,1,0.5,1,0.5,1,0.3595068994495193,0.9106425504776557,0.3273822798290244
KORD,0.5,1,0.5,1,0.5,1,0.5,1,0.5,1,0.5,1,0.5,1,0.5,1,0.5,1,0.5,1,0.5,1,0.5,1,0.5354660972036072,0.9205484469064024,0.4929224841518133
KPHL,0.5,1,0.5,1,0.5,1,0.5,1,0.5,1,0.5,1,0.5,1,0.5,1,0.5,1,0.5,1,0.5,1,0.5,1,0.5908578782385505,0.9201875580992654,0.5437000681600449
KPHX,0.5,1,0.5,1,0.5,1,0.5,1,0.5,1,0.5,1,0.5,1,0.5,1,0.5,1,0.5,1,0.5,1,0.5,1,0.33912700082522,0.7722110333658617,0.2618776117495086
KPIT,0.5,1,0.5,1,0.5,1,0.5,1,0.5,1,0.5,1,0.5,1,0.5,1,0.5,1,0.5,1,0.5,1,0.5,1,0.6710269555345415,0.9084671207790497,0.6096059262595963
KSAC,0.5,1,0.5,1,0.5,1,0.5,1,0.5,1,0.5,1,0.5,1,0.5,1,0.5,1,0.5,1,0.5,1,0.5,1,0.7401105174346714,0.9016467514085849,0.6673182437282983
KSAN,0.5,1,0.5,1,0.5,1,0.5,1,0.5,1,0.5,1,0.5,1,0.5,1,0.5,1,0.5,1,0.5,1,0.5,1,0.6795689650949607,0.9191172320370266,0.624603546176347
KSAT,0.5,1,0.5,1,0.5,1,0.5,1,0.5,1,0.5,1,0.5,1,0.5,1,0.5,1,0.5,1,0.5,1,0.5,1,0.49109086441351085,0.9127757947440289,0.44825585405657453
KSEA,0.5,1,0.5,1,0.5,1,0.5,1,0.5,1,0.5,1,0.5,1,0.5,1,0.5,1,0.5,1,0.5,1,0.5,1,0.5983649025545819,0.9253036313077615,0.5536692171808695
KSFO,0.5,1,0.5,1,0.5,1,0.5,1,0.5,1,0.5,1,0.5,1,0.5,1,0.5,1,0.5,1,0.5,1,0.5,1,0.6134248618048084,0.969576739761843,0.5947624775975652
KSMX,0.5,1,0.5,1,0.5,1,0.5,1,0.5,1,0.5,1,0.5,1,0.5,1,0.5,1,0.5,1,0.5,1,0.5,1,0.7030961531382655,0.9255412792460925,0.6507445130085968
KSTL,0.5,1,0.5,1,0.5,1,0.5,1,0.5,1,0.5,1,0.5,1,0.5,1,0.5,1,0.5,1,0.5,1,0.5,1,0.4880953015230282,0.917236305673911,0.4476987311857761
KTPA,0.5,1,0.5,1,0.5,1,0.5,1,0.5,1,0.5,1,0.5,1,0.5,1,0.5,1,0.5,1,0.5,1,0.5,1,0.6420770191324638,0.8627931887119218,0.5539796787359441
