station,y_intercept_for_month_1,running_average_size_minutes_for_month_1,y_intercept_for_month_2,running_average_size_minutes_for_month_2,y_intercept_for_month_3,running_average_size_minutes_for_month_3,y_intercept_for_month_4,running_average_size_minutes_for_month_4,y_intercept_for_month_5,running_average_size_minutes_for_month_5,y_intercept_for_month_6,running_average_size_minutes_for_month_6,y_intercept_for_month_7,running_average_size_minutes_for_month_7,y_intercept_for_month_8,running_average_size_minutes_for_month_8,y_intercept_for_month_9,running_average_size_minutes_for_month_9,y_intercept_for_month_10,running_average_size_minutes_for_month_10,y_intercept_for_month_11,running_average_size_minutes_for_month_11,y_intercept_for_month_12,running_average_size_minutes_for_month_12,dNetNorm,dMarketBalancePercentage,dMarketNetNorm
KATL,17,91,17,91,17,91,17,91,17,91,17,91,17,91,17,91,17,91,17,91,17,91,17,91,0.25913194310237486,0.9516160531198126,0.2465941169323498
KBOS,29,1,29,1,29,1,29,1,29,1,29,1,29,1,29,1,29,1,29,1,29,1,29,1,0.2386601848558578,0.9492200666010543,0.22654103656389726
KBWI,17,31,17,31,17,31,17,31,17,31,17,31,17,31,17,31,17,31,17,31,17,31,17,31,0.25196951788978345,0.9615187417723273,0.2422734138063645
KCLE,18,91,18,91,18,91,18,91,18,91,18,91,18,91,18,91,18,91,18,91,18,91,18,91,0.21727433463029627,0.9351611177662756,0.20318650963479168
KCLT,15,121,15,121,15,121,15,121,15,121,15,121,15,121,15,121,15,121,15,121,15,121,15,121,0.21031728357959287,0.9638417375881008,0.20271257605016413
KCVG,17,91,17,91,17,91,17,91,17,91,17,91,17,91,17,91,17,91,17,91,17,91,17,91,0.23060544816660178,0.9233027942760718,0.21291865466750926
KDCA,17,61,17,61,17,61,17,61,17,61,17,61,17,61,17,61,17,61,17,61,17,61,17,61,0.2571332944454819,0.9588223090175986,0.246545139105519
KDEN,28,1,28,1,28,1,28,1,28,1,28,1,28,1,28,1,28,1,28,1,28,1,28,1,0.2012938305056969,0.9193372508632701,0.18505691675284444
KDFW,19,91,19,91,19,91,19,91,19,91,19,91,19,91,19,91,19,91,19,91,19,91,19,91,0.2281351183251506,0.9156543586042845,0.2088929154451283
KDTW,18,61,18,61,18,61,18,61,18,61,18,61,18,61,18,61,18,61,18,61,18,61,18,61,0.2754722056140957,0.915225158300612,0.2521190929905795
KEUG,16,31,16,31,16,31,16,31,16,31,16,31,16,31,16,31,16,31,16,31,16,31,16,31,0.26396489805591217,0.9620757985518265,0.2539542400867932
KIAH,17,91,17,91,17,91,17,91,17,91,17,91,17,91,17,91,17,91,17,91,17,91,17,91,0.24989107778976782,0.961983340570842,0.240391053791049
KLAS,18,1,18,1,18,1,18,1,18,1,18,1,18,1,18,1,18,1,18,1,18,1,18,1,0.20605569448554167,0.918962694318762,0.18935749618415704
KLAX,17,31,17,31,17,31,17,31,17,31,17,31,17,31,17,31,17,31,17,31,17,31,17,31,0.24943764767476267,0.9821597019149136,0.24498760568660216
KLGA,19,121,19,121,19,121,19,121,19,121,19,121,19,121,19,121,19,121,19,121,19,121,19,121,0.2861811178965809,0.9381672510080712,0.26848575266745206
KMCI,18,91,18,91,18,91,18,91,18,91,18,91,18,91,18,91,18,91,18,91,18,91,18,91,0.23979950389184598,0.9390547350861084,0.22518485960093765
KMCO,17,61,17,61,17,61,17,61,17,61,17,61,17,61,17,61,17,61,17,61,17,61,17,61,0.26898924747239444,0.9729732563137534,0.2617193440266017
KMSP,18,61,18,61,18,61,18,61,18,61,18,61,18,61,18,61,18,61,18,61,18,61,18,61,0.22576641117628485,0.9220679259805651,0.20817196650939243
KORD,18,121,18,121,18,121,18,121,18,121,18,121,18,121,18,121,18,121,18,121,18,121,18,121,0.2581854080581405,0.9047072495373094,0.23358221039494817
KPHL,18,121,18,121,18,121,18,121,18,121,18,121,18,121,18,121,18,121,18,121,18,121,18,121,0.2593964659198997,0.9600294822809797,0.24902825488259708
KPHX,16,91,16,91,16,91,16,91,16,91,16,91,16,91,16,91,16,91,16,91,16,91,16,91,0.22853878811954298,0.956018139915248,0.21848722711653046
KPIT,17,61,17,61,17,61,17,61,17,61,17,61,17,61,17,61,17,61,17,61,17,61,17,61,0.25534767514886547,0.9432364286791802,0.24085322917894733
KSAC,16,61,16,61,16,61,16,61,16,61,16,61,16,61,16,61,16,61,16,61,16,61,16,61,0.2745116009916504,0.962438665777641,0.26420057899888816
KSAN,15,31,15,31,15,31,15,31,15,31,15,31,15,31,15,31,15,31,15,31,15,31,15,31,0.27415808428672506,0.9713808693596525,0.26631191825641587
KSAT,17,91,17,91,17,91,17,91,17,91,17,91,17,91,17,91,17,91,17,91,17,91,17,91,0.2361784546760341,0.9494441831100988,0.22423825996809268
KSEA,16,91,16,91,16,91,16,91,16,91,16,91,16,91,16,91,16,91,16,91,16,91,16,91,0.31472238399587055,0.9410279453930757,0.29616255838084465
KSFO,20,31,20,31,20,31,20,31,20,31,20,31,20,31,20,31,20,31,20,31,20,31,20,31,0.21409256798863158,0.9385407615843889,0.20093460180960784
KSMX,18,121,18,121,18,121,18,121,18,121,18,121,18,121,18,121,18,121,18,121,18,121,18,121,0.27212352548754243,0.9856529039905176,0.2682193431409338
KSTL,17,121,17,121,17,121,17,121,17,121,17,121,17,121,17,121,17,121,17,121,17,121,17,121,0.23795720924620947,0.9274608718147717,0.22069600074209947
KTPA,16,61,16,61,16,61,16,61,16,61,16,61,16,61,16,61,16,61,16,61,16,61,16,61,0.2567980872814766,0.9868662810479755,0.2534253733757042
