date,sunset time (CST)
2004-01-01,1650
2004-01-02,1651
2004-01-03,1652
2004-01-04,1653
2004-01-05,1654
2004-01-06,1654
2004-01-07,1655
2004-01-08,1656
2004-01-09,1657
2004-01-10,1658
2004-01-11,1659
2004-01-12,1700
2004-01-13,1701
2004-01-14,1702
2004-01-15,1703
2004-01-16,1704
2004-01-17,1705
2004-01-18,1707
2004-01-19,1708
2004-01-20,1709
2004-01-21,1710
2004-01-22,1711
2004-01-23,1712
2004-01-24,1713
2004-01-25,1714
2004-01-26,1715
2004-01-27,1717
2004-01-28,1718
2004-01-29,1719
2004-01-30,1720
2004-01-31,1721
2004-02-01,1722
2004-02-02,1723
2004-02-03,1725
2004-02-04,1726
2004-02-05,1727
2004-02-06,1728
2004-02-07,1729
2004-02-08,1730
2004-02-09,1732
2004-02-10,1733
2004-02-11,1734
2004-02-12,1735
2004-02-13,1736
2004-02-14,1737
2004-02-15,1738
2004-02-16,1739
2004-02-17,1741
2004-02-18,1742
2004-02-19,1743
2004-02-20,1744
2004-02-21,1745
2004-02-22,1746
2004-02-23,1747
2004-02-24,1748
2004-02-25,1749
2004-02-26,1750
2004-02-27,1751
2004-02-28,1752
2004-02-29,1753
2004-03-01,1754
2004-03-02,1756
2004-03-03,1757
2004-03-04,1758
2004-03-05,1759
2004-03-06,1800
2004-03-07,1801
2004-03-08,1802
2004-03-09,1803
2004-03-10,1804
2004-03-11,1805
2004-03-12,1806
2004-03-13,1807
2004-03-14,1808
2004-03-15,1809
2004-03-16,1810
2004-03-17,1810
2004-03-18,1811
2004-03-19,1812
2004-03-20,1813
2004-03-21,1814
2004-03-22,1815
2004-03-23,1816
2004-03-24,1817
2004-03-25,1818
2004-03-26,1819
2004-03-27,1820
2004-03-28,1821
2004-03-29,1822
2004-03-30,1823
2004-03-31,1824
2004-04-01,1825
2004-04-02,1826
2004-04-03,1827
2004-04-04,1828
2004-04-05,1829
2004-04-06,1830
2004-04-07,1831
2004-04-08,1832
2004-04-09,1832
2004-04-10,1833
2004-04-11,1834
2004-04-12,1835
2004-04-13,1836
2004-04-14,1837
2004-04-15,1838
2004-04-16,1839
2004-04-17,1840
2004-04-18,1841
2004-04-19,1842
2004-04-20,1843
2004-04-21,1844
2004-04-22,1845
2004-04-23,1846
2004-04-24,1847
2004-04-25,1848
2004-04-26,1849
2004-04-27,1850
2004-04-28,1851
2004-04-29,1852
2004-04-30,1853
2004-05-01,1853
2004-05-02,1854
2004-05-03,1855
2004-05-04,1856
2004-05-05,1857
2004-05-06,1858
2004-05-07,1859
2004-05-08,1900
2004-05-09,1901
2004-05-10,1902
2004-05-11,1903
2004-05-12,1904
2004-05-13,1905
2004-05-14,1906
2004-05-15,1906
2004-05-16,1907
2004-05-17,1908
2004-05-18,1909
2004-05-19,1910
2004-05-20,1911
2004-05-21,1912
2004-05-22,1912
2004-05-23,1913
2004-05-24,1914
2004-05-25,1915
2004-05-26,1916
2004-05-27,1916
2004-05-28,1917
2004-05-29,1918
2004-05-30,1919
2004-05-31,1919
2004-06-01,1920
2004-06-02,1921
2004-06-03,1921
2004-06-04,1922
2004-06-05,1923
2004-06-06,1923
2004-06-07,1924
2004-06-08,1924
2004-06-09,1925
2004-06-10,1925
2004-06-11,1926
2004-06-12,1926
2004-06-13,1927
2004-06-14,1927
2004-06-15,1927
2004-06-16,1928
2004-06-17,1928
2004-06-18,1928
2004-06-19,1929
2004-06-20,1929
2004-06-21,1929
2004-06-22,1929
2004-06-23,1929
2004-06-24,1929
2004-06-25,1929
2004-06-26,1930
2004-06-27,1930
2004-06-28,1930
2004-06-29,1930
2004-06-30,1929
2004-07-01,1929
2004-07-02,1929
2004-07-03,1929
2004-07-04,1929
2004-07-05,1929
2004-07-06,1928
2004-07-07,1928
2004-07-08,1928
2004-07-09,1927
2004-07-10,1927
2004-07-11,1927
2004-07-12,1926
2004-07-13,1926
2004-07-14,1925
2004-07-15,1925
2004-07-16,1924
2004-07-17,1923
2004-07-18,1923
2004-07-19,1922
2004-07-20,1921
2004-07-21,1921
2004-07-22,1920
2004-07-23,1919
2004-07-24,1918
2004-07-25,1918
2004-07-26,1917
2004-07-27,1916
2004-07-28,1915
2004-07-29,1914
2004-07-30,1913
2004-07-31,1912
2004-08-01,1911
2004-08-02,1910
2004-08-03,1909
2004-08-04,1908
2004-08-05,1907
2004-08-06,1906
2004-08-07,1904
2004-08-08,1903
2004-08-09,1902
2004-08-10,1901
2004-08-11,1900
2004-08-12,1858
2004-08-13,1857
2004-08-14,1856
2004-08-15,1855
2004-08-16,1853
2004-08-17,1852
2004-08-18,1851
2004-08-19,1849
2004-08-20,1848
2004-08-21,1847
2004-08-22,1845
2004-08-23,1844
2004-08-24,1842
2004-08-25,1841
2004-08-26,1839
2004-08-27,1838
2004-08-28,1836
2004-08-29,1835
2004-08-30,1833
2004-08-31,1832
2004-09-01,1830
2004-09-02,1829
2004-09-03,1827
2004-09-04,1826
2004-09-05,1824
2004-09-06,1823
2004-09-07,1821
2004-09-08,1820
2004-09-09,1818
2004-09-10,1816
2004-09-11,1815
2004-09-12,1813
2004-09-13,1812
2004-09-14,1810
2004-09-15,1808
2004-09-16,1807
2004-09-17,1805
2004-09-18,1804
2004-09-19,1802
2004-09-20,1800
2004-09-21,1759
2004-09-22,1757
2004-09-23,1756
2004-09-24,1754
2004-09-25,1753
2004-09-26,1751
2004-09-27,1749
2004-09-28,1748
2004-09-29,1746
2004-09-30,1745
2004-10-01,1743
2004-10-02,1742
2004-10-03,1740
2004-10-04,1738
2004-10-05,1737
2004-10-06,1735
2004-10-07,1734
2004-10-08,1732
2004-10-09,1731
2004-10-10,1729
2004-10-11,1728
2004-10-12,1726
2004-10-13,1725
2004-10-14,1724
2004-10-15,1722
2004-10-16,1721
2004-10-17,1719
2004-10-18,1718
2004-10-19,1717
2004-10-20,1715
2004-10-21,1714
2004-10-22,1713
2004-10-23,1711
2004-10-24,1710
2004-10-25,1709
2004-10-26,1707
2004-10-27,1706
2004-10-28,1705
2004-10-29,1704
2004-10-30,1703
2004-10-31,1702
2004-11-01,1700
2004-11-02,1659
2004-11-03,1658
2004-11-04,1657
2004-11-05,1656
2004-11-06,1655
2004-11-07,1654
2004-11-08,1653
2004-11-09,1652
2004-11-10,1651
2004-11-11,1651
2004-11-12,1650
2004-11-13,1649
2004-11-14,1648
2004-11-15,1647
2004-11-16,1647
2004-11-17,1646
2004-11-18,1645
2004-11-19,1645
2004-11-20,1644
2004-11-21,1644
2004-11-22,1643
2004-11-23,1643
2004-11-24,1642
2004-11-25,1642
2004-11-26,1641
2004-11-27,1641
2004-11-28,1641
2004-11-29,1640
2004-11-30,1640
2004-12-01,1640
2004-12-02,1640
2004-12-03,1640
2004-12-04,1640
2004-12-05,1640
2004-12-06,1640
2004-12-07,1640
2004-12-08,1640
2004-12-09,1640
2004-12-10,1640
2004-12-11,1640
2004-12-12,1640
2004-12-13,1640
2004-12-14,1641
2004-12-15,1641
2004-12-16,1641
2004-12-17,1642
2004-12-18,1642
2004-12-19,1642
2004-12-20,1643
2004-12-21,1643
2004-12-22,1644
2004-12-23,1644
2004-12-24,1645
2004-12-25,1646
2004-12-26,1646
2004-12-27,1647
2004-12-28,1648
2004-12-29,1648
2004-12-30,1649
2004-12-31,1650
2005-01-01,1651
2005-01-02,1652
2005-01-03,1652
2005-01-04,1653
2005-01-05,1654
2005-01-06,1655
2005-01-07,1656
2005-01-08,1657
2005-01-09,1658
2005-01-10,1659
2005-01-11,1700
2005-01-12,1701
2005-01-13,1702
2005-01-14,1703
2005-01-15,1704
2005-01-16,1705
2005-01-17,1706
2005-01-18,1707
2005-01-19,1708
2005-01-20,1710
2005-01-21,1711
2005-01-22,1712
2005-01-23,1713
2005-01-24,1714
2005-01-25,1715
2005-01-26,1716
2005-01-27,1717
2005-01-28,1719
2005-01-29,1720
2005-01-30,1721
2005-01-31,1722
2005-02-01,1723
2005-02-02,1724
2005-02-03,1726
2005-02-04,1727
2005-02-05,1728
2005-02-06,1729
2005-02-07,1730
2005-02-08,1731
2005-02-09,1732
2005-02-10,1734
2005-02-11,1735
2005-02-12,1736
2005-02-13,1737
2005-02-14,1738
2005-02-15,1739
2005-02-16,1740
2005-02-17,1741
2005-02-18,1742
2005-02-19,1744
2005-02-20,1745
2005-02-21,1746
2005-02-22,1747
2005-02-23,1748
2005-02-24,1749
2005-02-25,1750
2005-02-26,1751
2005-02-27,1752
2005-02-28,1753
2005-03-01,1754
2005-03-02,1755
2005-03-03,1756
2005-03-04,1757
2005-03-05,1758
2005-03-06,1759
2005-03-07,1800
2005-03-08,1801
2005-03-09,1802
2005-03-10,1803
2005-03-11,1804
2005-03-12,1805
2005-03-13,1806
2005-03-14,1807
2005-03-15,1808
2005-03-16,1809
2005-03-17,1810
2005-03-18,1811
2005-03-19,1812
2005-03-20,1813
2005-03-21,1814
2005-03-22,1815
2005-03-23,1816
2005-03-24,1817
2005-03-25,1818
2005-03-26,1819
2005-03-27,1820
2005-03-28,1821
2005-03-29,1822
2005-03-30,1823
2005-03-31,1824
2005-04-01,1825
2005-04-02,1826
2005-04-03,1827
2005-04-04,1827
2005-04-05,1828
2005-04-06,1829
2005-04-07,1830
2005-04-08,1831
2005-04-09,1832
2005-04-10,1833
2005-04-11,1834
2005-04-12,1835
2005-04-13,1836
2005-04-14,1837
2005-04-15,1838
2005-04-16,1839
2005-04-17,1840
2005-04-18,1841
2005-04-19,1842
2005-04-20,1843
2005-04-21,1844
2005-04-22,1845
2005-04-23,1846
2005-04-24,1847
2005-04-25,1848
2005-04-26,1848
2005-04-27,1849
2005-04-28,1850
2005-04-29,1851
2005-04-30,1852
2005-05-01,1853
2005-05-02,1854
2005-05-03,1855
2005-05-04,1856
2005-05-05,1857
2005-05-06,1858
2005-05-07,1859
2005-05-08,1900
2005-05-09,1901
2005-05-10,1902
2005-05-11,1903
2005-05-12,1904
2005-05-13,1904
2005-05-14,1905
2005-05-15,1906
2005-05-16,1907
2005-05-17,1908
2005-05-18,1909
2005-05-19,1910
2005-05-20,1911
2005-05-21,1911
2005-05-22,1912
2005-05-23,1913
2005-05-24,1914
2005-05-25,1915
2005-05-26,1915
2005-05-27,1916
2005-05-28,1917
2005-05-29,1918
2005-05-30,1918
2005-05-31,1919
2005-06-01,1920
2005-06-02,1920
2005-06-03,1921
2005-06-04,1922
2005-06-05,1922
2005-06-06,1923
2005-06-07,1924
2005-06-08,1924
2005-06-09,1925
2005-06-10,1925
2005-06-11,1926
2005-06-12,1926
2005-06-13,1926
2005-06-14,1927
2005-06-15,1927
2005-06-16,1928
2005-06-17,1928
2005-06-18,1928
2005-06-19,1928
2005-06-20,1929
2005-06-21,1929
2005-06-22,1929
2005-06-23,1929
2005-06-24,1929
2005-06-25,1929
2005-06-26,1930
2005-06-27,1930
2005-06-28,1930
2005-06-29,1930
2005-06-30,1929
2005-07-01,1929
2005-07-02,1929
2005-07-03,1929
2005-07-04,1929
2005-07-05,1929
2005-07-06,1928
2005-07-07,1928
2005-07-08,1928
2005-07-09,1927
2005-07-10,1927
2005-07-11,1927
2005-07-12,1926
2005-07-13,1926
2005-07-14,1925
2005-07-15,1925
2005-07-16,1924
2005-07-17,1924
2005-07-18,1923
2005-07-19,1922
2005-07-20,1922
2005-07-21,1921
2005-07-22,1920
2005-07-23,1919
2005-07-24,1919
2005-07-25,1918
2005-07-26,1917
2005-07-27,1916
2005-07-28,1915
2005-07-29,1914
2005-07-30,1913
2005-07-31,1912
2005-08-01,1911
2005-08-02,1910
2005-08-03,1909
2005-08-04,1908
2005-08-05,1907
2005-08-06,1906
2005-08-07,1905
2005-08-08,1904
2005-08-09,1902
2005-08-10,1901
2005-08-11,1900
2005-08-12,1859
2005-08-13,1858
2005-08-14,1856
2005-08-15,1855
2005-08-16,1854
2005-08-17,1852
2005-08-18,1851
2005-08-19,1850
2005-08-20,1848
2005-08-21,1847
2005-08-22,1845
2005-08-23,1844
2005-08-24,1843
2005-08-25,1841
2005-08-26,1840
2005-08-27,1838
2005-08-28,1837
2005-08-29,1835
2005-08-30,1834
2005-08-31,1832
2005-09-01,1831
2005-09-02,1829
2005-09-03,1828
2005-09-04,1826
2005-09-05,1825
2005-09-06,1823
2005-09-07,1821
2005-09-08,1820
2005-09-09,1818
2005-09-10,1817
2005-09-11,1815
2005-09-12,1814
2005-09-13,1812
2005-09-14,1810
2005-09-15,1809
2005-09-16,1807
2005-09-17,1806
2005-09-18,1804
2005-09-19,1802
2005-09-20,1801
2005-09-21,1759
2005-09-22,1758
2005-09-23,1756
2005-09-24,1754
2005-09-25,1753
2005-09-26,1751
2005-09-27,1750
2005-09-28,1748
2005-09-29,1747
2005-09-30,1745
2005-10-01,1743
2005-10-02,1742
2005-10-03,1740
2005-10-04,1739
2005-10-05,1737
2005-10-06,1736
2005-10-07,1734
2005-10-08,1733
2005-10-09,1731
2005-10-10,1730
2005-10-11,1728
2005-10-12,1727
2005-10-13,1725
2005-10-14,1724
2005-10-15,1722
2005-10-16,1721
2005-10-17,1720
2005-10-18,1718
2005-10-19,1717
2005-10-20,1716
2005-10-21,1714
2005-10-22,1713
2005-10-23,1712
2005-10-24,1710
2005-10-25,1709
2005-10-26,1708
2005-10-27,1707
2005-10-28,1705
2005-10-29,1704
2005-10-30,1703
2005-10-31,1702
2005-11-01,1701
2005-11-02,1700
2005-11-03,1659
2005-11-04,1657
2005-11-05,1656
2005-11-06,1655
2005-11-07,1654
2005-11-08,1654
2005-11-09,1653
2005-11-10,1652
2005-11-11,1651
2005-11-12,1650
2005-11-13,1649
2005-11-14,1648
2005-11-15,1648
2005-11-16,1647
2005-11-17,1646
2005-11-18,1646
2005-11-19,1645
2005-11-20,1644
2005-11-21,1644
2005-11-22,1643
2005-11-23,1643
2005-11-24,1642
2005-11-25,1642
2005-11-26,1641
2005-11-27,1641
2005-11-28,1641
2005-11-29,1641
2005-11-30,1640
2005-12-01,1640
2005-12-02,1640
2005-12-03,1640
2005-12-04,1640
2005-12-05,1640
2005-12-06,1640
2005-12-07,1640
2005-12-08,1640
2005-12-09,1640
2005-12-10,1640
2005-12-11,1640
2005-12-12,1640
2005-12-13,1640
2005-12-14,1641
2005-12-15,1641
2005-12-16,1641
2005-12-17,1642
2005-12-18,1642
2005-12-19,1642
2005-12-20,1643
2005-12-21,1643
2005-12-22,1644
2005-12-23,1644
2005-12-24,1645
2005-12-25,1646
2005-12-26,1646
2005-12-27,1647
2005-12-28,1648
2005-12-29,1648
2005-12-30,1649
2005-12-31,1650
2006-01-01,1651
2006-01-02,1651
2006-01-03,1652
2006-01-04,1653
2006-01-05,1654
2006-01-06,1655
2006-01-07,1656
2006-01-08,1657
2006-01-09,1658
2006-01-10,1659
2006-01-11,1700
2006-01-12,1701
2006-01-13,1702
2006-01-14,1703
2006-01-15,1704
2006-01-16,1705
2006-01-17,1706
2006-01-18,1707
2006-01-19,1708
2006-01-20,1709
2006-01-21,1710
2006-01-22,1712
2006-01-23,1713
2006-01-24,1714
2006-01-25,1715
2006-01-26,1716
2006-01-27,1717
2006-01-28,1718
2006-01-29,1719
2006-01-30,1721
2006-01-31,1722
2006-02-01,1723
2006-02-02,1724
2006-02-03,1725
2006-02-04,1726
2006-02-05,1728
2006-02-06,1729
2006-02-07,1730
2006-02-08,1731
2006-02-09,1732
2006-02-10,1733
2006-02-11,1734
2006-02-12,1736
2006-02-13,1737
2006-02-14,1738
2006-02-15,1739
2006-02-16,1740
2006-02-17,1741
2006-02-18,1742
2006-02-19,1743
2006-02-20,1744
2006-02-21,1745
2006-02-22,1747
2006-02-23,1748
2006-02-24,1749
2006-02-25,1750
2006-02-26,1751
2006-02-27,1752
2006-02-28,1753
2006-03-01,1754
2006-03-02,1755
2006-03-03,1756
2006-03-04,1757
2006-03-05,1758
2006-03-06,1759
2006-03-07,1800
2006-03-08,1801
2006-03-09,1802
2006-03-10,1803
2006-03-11,1804
2006-03-12,1805
2006-03-13,1806
2006-03-14,1807
2006-03-15,1808
2006-03-16,1809
2006-03-17,1810
2006-03-18,1811
2006-03-19,1812
2006-03-20,1813
2006-03-21,1814
2006-03-22,1815
2006-03-23,1816
2006-03-24,1817
2006-03-25,1818
2006-03-26,1819
2006-03-27,1820
2006-03-28,1821
2006-03-29,1822
2006-03-30,1823
2006-03-31,1823
2006-04-01,1824
2006-04-02,1825
2006-04-03,1826
2006-04-04,1827
2006-04-05,1828
2006-04-06,1829
2006-04-07,1830
2006-04-08,1831
2006-04-09,1832
2006-04-10,1833
2006-04-11,1834
2006-04-12,1835
2006-04-13,1836
2006-04-14,1837
2006-04-15,1838
2006-04-16,1839
2006-04-17,1840
2006-04-18,1841
2006-04-19,1842
2006-04-20,1843
2006-04-21,1843
2006-04-22,1844
2006-04-23,1845
2006-04-24,1846
2006-04-25,1847
2006-04-26,1848
2006-04-27,1849
2006-04-28,1850
2006-04-29,1851
2006-04-30,1852
2006-05-01,1853
2006-05-02,1854
2006-05-03,1855
2006-05-04,1856
2006-05-05,1857
2006-05-06,1858
2006-05-07,1859
2006-05-08,1900
2006-05-09,1901
2006-05-10,1901
2006-05-11,1902
2006-05-12,1903
2006-05-13,1904
2006-05-14,1905
2006-05-15,1906
2006-05-16,1907
2006-05-17,1908
2006-05-18,1909
2006-05-19,1910
2006-05-20,1910
2006-05-21,1911
2006-05-22,1912
2006-05-23,1913
2006-05-24,1914
2006-05-25,1914
2006-05-26,1915
2006-05-27,1916
2006-05-28,1917
2006-05-29,1918
2006-05-30,1918
2006-05-31,1919
2006-06-01,1920
2006-06-02,1920
2006-06-03,1921
2006-06-04,1922
2006-06-05,1922
2006-06-06,1923
2006-06-07,1923
2006-06-08,1924
2006-06-09,1925
2006-06-10,1925
2006-06-11,1925
2006-06-12,1926
2006-06-13,1926
2006-06-14,1927
2006-06-15,1927
2006-06-16,1928
2006-06-17,1928
2006-06-18,1928
2006-06-19,1928
2006-06-20,1929
2006-06-21,1929
2006-06-22,1929
2006-06-23,1929
2006-06-24,1929
2006-06-25,1929
2006-06-26,1930
2006-06-27,1930
2006-06-28,1930
2006-06-29,1930
2006-06-30,1930
2006-07-01,1929
2006-07-02,1929
2006-07-03,1929
2006-07-04,1929
2006-07-05,1929
2006-07-06,1929
2006-07-07,1928
2006-07-08,1928
2006-07-09,1928
2006-07-10,1927
2006-07-11,1927
2006-07-12,1926
2006-07-13,1926
2006-07-14,1925
2006-07-15,1925
2006-07-16,1924
2006-07-17,1924
2006-07-18,1923
2006-07-19,1922
2006-07-20,1922
2006-07-21,1921
2006-07-22,1920
2006-07-23,1920
2006-07-24,1919
2006-07-25,1918
2006-07-26,1917
2006-07-27,1916
2006-07-28,1915
2006-07-29,1914
2006-07-30,1913
2006-07-31,1913
2006-08-01,1912
2006-08-02,1911
2006-08-03,1909
2006-08-04,1908
2006-08-05,1907
2006-08-06,1906
2006-08-07,1905
2006-08-08,1904
2006-08-09,1903
2006-08-10,1902
2006-08-11,1900
2006-08-12,1859
2006-08-13,1858
2006-08-14,1857
2006-08-15,1855
2006-08-16,1854
2006-08-17,1853
2006-08-18,1851
2006-08-19,1850
2006-08-20,1849
2006-08-21,1847
2006-08-22,1846
2006-08-23,1844
2006-08-24,1843
2006-08-25,1842
2006-08-26,1840
2006-08-27,1839
2006-08-28,1837
2006-08-29,1836
2006-08-30,1834
2006-08-31,1833
2006-09-01,1831
2006-09-02,1830
2006-09-03,1828
2006-09-04,1827
2006-09-05,1825
2006-09-06,1823
2006-09-07,1822
2006-09-08,1820
2006-09-09,1819
2006-09-10,1817
2006-09-11,1816
2006-09-12,1814
2006-09-13,1812
2006-09-14,1811
2006-09-15,1809
2006-09-16,1808
2006-09-17,1806
2006-09-18,1804
2006-09-19,1803
2006-09-20,1801
2006-09-21,1800
2006-09-22,1758
2006-09-23,1756
2006-09-24,1755
2006-09-25,1753
2006-09-26,1752
2006-09-27,1750
2006-09-28,1749
2006-09-29,1747
2006-09-30,1745
2006-10-01,1744
2006-10-02,1742
2006-10-03,1741
2006-10-04,1739
2006-10-05,1738
2006-10-06,1736
2006-10-07,1735
2006-10-08,1733
2006-10-09,1732
2006-10-10,1730
2006-10-11,1729
2006-10-12,1727
2006-10-13,1726
2006-10-14,1724
2006-10-15,1723
2006-10-16,1721
2006-10-17,1720
2006-10-18,1719
2006-10-19,1717
2006-10-20,1716
2006-10-21,1715
2006-10-22,1713
2006-10-23,1712
2006-10-24,1711
2006-10-25,1709
2006-10-26,1708
2006-10-27,1707
2006-10-28,1706
2006-10-29,1704
2006-10-30,1703
2006-10-31,1702
2006-11-01,1701
2006-11-02,1700
2006-11-03,1659
2006-11-04,1658
2006-11-05,1657
2006-11-06,1656
2006-11-07,1655
2006-11-08,1654
2006-11-09,1653
2006-11-10,1652
2006-11-11,1651
2006-11-12,1650
2006-11-13,1649
2006-11-14,1649
2006-11-15,1648
2006-11-16,1647
2006-11-17,1646
2006-11-18,1646
2006-11-19,1645
2006-11-20,1644
2006-11-21,1644
2006-11-22,1643
2006-11-23,1643
2006-11-24,1642
2006-11-25,1642
2006-11-26,1642
2006-11-27,1641
2006-11-28,1641
2006-11-29,1641
2006-11-30,1640
2006-12-01,1640
2006-12-02,1640
2006-12-03,1640
2006-12-04,1640
2006-12-05,1640
2006-12-06,1640
2006-12-07,1640
2006-12-08,1640
2006-12-09,1640
2006-12-10,1640
2006-12-11,1640
2006-12-12,1640
2006-12-13,1640
2006-12-14,1640
2006-12-15,1641
2006-12-16,1641
2006-12-17,1641
2006-12-18,1642
2006-12-19,1642
2006-12-20,1643
2006-12-21,1643
2006-12-22,1644
2006-12-23,1644
2006-12-24,1645
2006-12-25,1645
2006-12-26,1646
2006-12-27,1647
2006-12-28,1647
2006-12-29,1648
2006-12-30,1649
2006-12-31,1650
2007-01-01,1650
2007-01-02,1651
2007-01-03,1652
2007-01-04,1653
2007-01-05,1654
2007-01-06,1655
2007-01-07,1656
2007-01-08,1657
2007-01-09,1658
2007-01-10,1658
2007-01-11,1659
2007-01-12,1700
2007-01-13,1702
2007-01-14,1703
2007-01-15,1704
2007-01-16,1705
2007-01-17,1706
2007-01-18,1707
2007-01-19,1708
2007-01-20,1709
2007-01-21,1710
2007-01-22,1711
2007-01-23,1712
2007-01-24,1714
2007-01-25,1715
2007-01-26,1716
2007-01-27,1717
2007-01-28,1718
2007-01-29,1719
2007-01-30,1720
2007-01-31,1722
2007-02-01,1723
2007-02-02,1724
2007-02-03,1725
2007-02-04,1726
2007-02-05,1727
2007-02-06,1728
2007-02-07,1730
2007-02-08,1731
2007-02-09,1732
2007-02-10,1733
2007-02-11,1734
2007-02-12,1735
2007-02-13,1736
2007-02-14,1737
2007-02-15,1739
2007-02-16,1740
2007-02-17,1741
2007-02-18,1742
2007-02-19,1743
2007-02-20,1744
2007-02-21,1745
2007-02-22,1746
2007-02-23,1747
2007-02-24,1748
2007-02-25,1750
2007-02-26,1751
2007-02-27,1752
2007-02-28,1753
2007-03-01,1754
2007-03-02,1755
2007-03-03,1756
2007-03-04,1757
2007-03-05,1758
2007-03-06,1759
2007-03-07,1800
2007-03-08,1801
2007-03-09,1802
2007-03-10,1803
2007-03-11,1804
2007-03-12,1805
2007-03-13,1806
2007-03-14,1807
2007-03-15,1808
2007-03-16,1809
2007-03-17,1810
2007-03-18,1811
2007-03-19,1812
2007-03-20,1813
2007-03-21,1814
2007-03-22,1815
2007-03-23,1816
2007-03-24,1817
2007-03-25,1818
2007-03-26,1818
2007-03-27,1819
2007-03-28,1820
2007-03-29,1821
2007-03-30,1822
2007-03-31,1823
2007-04-01,1824
2007-04-02,1825
2007-04-03,1826
2007-04-04,1827
2007-04-05,1828
2007-04-06,1829
2007-04-07,1830
2007-04-08,1831
2007-04-09,1832
2007-04-10,1833
2007-04-11,1834
2007-04-12,1835
2007-04-13,1836
2007-04-14,1837
2007-04-15,1838
2007-04-16,1838
2007-04-17,1839
2007-04-18,1840
2007-04-19,1841
2007-04-20,1842
2007-04-21,1843
2007-04-22,1844
2007-04-23,1845
2007-04-24,1846
2007-04-25,1847
2007-04-26,1848
2007-04-27,1849
2007-04-28,1850
2007-04-29,1851
2007-04-30,1852
2007-05-01,1853
2007-05-02,1854
2007-05-03,1855
2007-05-04,1856
2007-05-05,1857
2007-05-06,1858
2007-05-07,1858
2007-05-08,1859
2007-05-09,1900
2007-05-10,1901
2007-05-11,1902
2007-05-12,1903
2007-05-13,1904
2007-05-14,1905
2007-05-15,1906
2007-05-16,1907
2007-05-17,1908
2007-05-18,1908
2007-05-19,1909
2007-05-20,1910
2007-05-21,1911
2007-05-22,1912
2007-05-23,1913
2007-05-24,1914
2007-05-25,1914
2007-05-26,1915
2007-05-27,1916
2007-05-28,1917
2007-05-29,1917
2007-05-30,1918
2007-05-31,1919
2007-06-01,1920
2007-06-02,1920
2007-06-03,1921
2007-06-04,1921
2007-06-05,1922
2007-06-06,1923
2007-06-07,1923
2007-06-08,1924
2007-06-09,1924
2007-06-10,1925
2007-06-11,1925
2007-06-12,1926
2007-06-13,1926
2007-06-14,1927
2007-06-15,1927
2007-06-16,1927
2007-06-17,1928
2007-06-18,1928
2007-06-19,1928
2007-06-20,1929
2007-06-21,1929
2007-06-22,1929
2007-06-23,1929
2007-06-24,1929
2007-06-25,1929
2007-06-26,1930
2007-06-27,1930
2007-06-28,1930
2007-06-29,1930
2007-06-30,1930
2007-07-01,1929
2007-07-02,1929
2007-07-03,1929
2007-07-04,1929
2007-07-05,1929
2007-07-06,1929
2007-07-07,1928
2007-07-08,1928
2007-07-09,1928
2007-07-10,1927
2007-07-11,1927
2007-07-12,1926
2007-07-13,1926
2007-07-14,1926
2007-07-15,1925
2007-07-16,1924
2007-07-17,1924
2007-07-18,1923
2007-07-19,1923
2007-07-20,1922
2007-07-21,1921
2007-07-22,1921
2007-07-23,1920
2007-07-24,1919
2007-07-25,1918
2007-07-26,1917
2007-07-27,1916
2007-07-28,1916
2007-07-29,1915
2007-07-30,1914
2007-07-31,1913
2007-08-01,1912
2007-08-02,1911
2007-08-03,1910
2007-08-04,1909
2007-08-05,1908
2007-08-06,1906
2007-08-07,1905
2007-08-08,1904
2007-08-09,1903
2007-08-10,1902
2007-08-11,1901
2007-08-12,1859
2007-08-13,1858
2007-08-14,1857
2007-08-15,1856
2007-08-16,1854
2007-08-17,1853
2007-08-18,1852
2007-08-19,1850
2007-08-20,1849
2007-08-21,1848
2007-08-22,1846
2007-08-23,1845
2007-08-24,1843
2007-08-25,1842
2007-08-26,1840
2007-08-27,1839
2007-08-28,1837
2007-08-29,1836
2007-08-30,1834
2007-08-31,1833
2007-09-01,1831
2007-09-02,1830
2007-09-03,1828
2007-09-04,1827
2007-09-05,1825
2007-09-06,1824
2007-09-07,1822
2007-09-08,1821
2007-09-09,1819
2007-09-10,1818
2007-09-11,1816
2007-09-12,1814
2007-09-13,1813
2007-09-14,1811
2007-09-15,1810
2007-09-16,1808
2007-09-17,1806
2007-09-18,1805
2007-09-19,1803
2007-09-20,1802
2007-09-21,1800
2007-09-22,1758
2007-09-23,1757
2007-09-24,1755
2007-09-25,1754
2007-09-26,1752
2007-09-27,1750
2007-09-28,1749
2007-09-29,1747
2007-09-30,1746
2007-10-01,1744
2007-10-02,1743
2007-10-03,1741
2007-10-04,1740
2007-10-05,1738
2007-10-06,1736
2007-10-07,1735
2007-10-08,1733
2007-10-09,1732
2007-10-10,1730
2007-10-11,1729
2007-10-12,1727
2007-10-13,1726
2007-10-14,1725
2007-10-15,1723
2007-10-16,1722
2007-10-17,1720
2007-10-18,1719
2007-10-19,1718
2007-10-20,1716
2007-10-21,1715
2007-10-22,1713
2007-10-23,1712
2007-10-24,1711
2007-10-25,1710
2007-10-26,1708
2007-10-27,1707
2007-10-28,1706
2007-10-29,1705
2007-10-30,1704
2007-10-31,1702
2007-11-01,1701
2007-11-02,1700
2007-11-03,1659
2007-11-04,1658
2007-11-05,1657
2007-11-06,1656
2007-11-07,1655
2007-11-08,1654
2007-11-09,1653
2007-11-10,1652
2007-11-11,1651
2007-11-12,1650
2007-11-13,1650
2007-11-14,1649
2007-11-15,1648
2007-11-16,1647
2007-11-17,1647
2007-11-18,1646
2007-11-19,1645
2007-11-20,1645
2007-11-21,1644
2007-11-22,1644
2007-11-23,1643
2007-11-24,1643
2007-11-25,1642
2007-11-26,1642
2007-11-27,1641
2007-11-28,1641
2007-11-29,1641
2007-11-30,1640
2007-12-01,1640
2007-12-02,1640
2007-12-03,1640
2007-12-04,1640
2007-12-05,1640
2007-12-06,1640
2007-12-07,1640
2007-12-08,1640
2007-12-09,1640
2007-12-10,1640
2007-12-11,1640
2007-12-12,1640
2007-12-13,1640
2007-12-14,1640
2007-12-15,1641
2007-12-16,1641
2007-12-17,1641
2007-12-18,1642
2007-12-19,1642
2007-12-20,1643
2007-12-21,1643
2007-12-22,1644
2007-12-23,1644
2007-12-24,1645
2007-12-25,1645
2007-12-26,1646
2007-12-27,1647
2007-12-28,1647
2007-12-29,1648
2007-12-30,1649
2007-12-31,1649
2008-01-01,1650
2008-01-02,1651
2008-01-03,1652
2008-01-04,1653
2008-01-05,1654
2008-01-06,1654
2008-01-07,1655
2008-01-08,1656
2008-01-09,1657
2008-01-10,1658
2008-01-11,1659
2008-01-12,1700
2008-01-13,1701
2008-01-14,1702
2008-01-15,1703
2008-01-16,1704
2008-01-17,1705
2008-01-18,1707
2008-01-19,1708
2008-01-20,1709
2008-01-21,1710
2008-01-22,1711
2008-01-23,1712
2008-01-24,1713
2008-01-25,1714
2008-01-26,1716
2008-01-27,1717
2008-01-28,1718
2008-01-29,1719
2008-01-30,1720
2008-01-31,1721
2008-02-01,1722
2008-02-02,1724
2008-02-03,1725
2008-02-04,1726
2008-02-05,1727
2008-02-06,1728
2008-02-07,1729
2008-02-08,1730
2008-02-09,1732
2008-02-10,1733
2008-02-11,1734
2008-02-12,1735
2008-02-13,1736
2008-02-14,1737
2008-02-15,1738
2008-02-16,1739
2008-02-17,1741
2008-02-18,1742
2008-02-19,1743
2008-02-20,1744
2008-02-21,1745
2008-02-22,1746
2008-02-23,1747
2008-02-24,1748
2008-02-25,1749
2008-02-26,1750
2008-02-27,1751
2008-02-28,1752
2008-02-29,1753
2008-03-01,1755
2008-03-02,1756
2008-03-03,1757
2008-03-04,1758
2008-03-05,1759
2008-03-06,1800
2008-03-07,1801
2008-03-08,1802
2008-03-09,1803
2008-03-10,1804
2008-03-11,1805
2008-03-12,1806
2008-03-13,1807
2008-03-14,1808
2008-03-15,1809
2008-03-16,1810
2008-03-17,1811
2008-03-18,1812
2008-03-19,1812
2008-03-20,1813
2008-03-21,1814
2008-03-22,1815
2008-03-23,1816
2008-03-24,1817
2008-03-25,1818
2008-03-26,1819
2008-03-27,1820
2008-03-28,1821
2008-03-29,1822
2008-03-30,1823
2008-03-31,1824
2008-04-01,1825
2008-04-02,1826
2008-04-03,1827
2008-04-04,1828
2008-04-05,1829
2008-04-06,1830
2008-04-07,1831
2008-04-08,1832
2008-04-09,1833
2008-04-10,1833
2008-04-11,1834
2008-04-12,1835
2008-04-13,1836
2008-04-14,1837
2008-04-15,1838
2008-04-16,1839
2008-04-17,1840
2008-04-18,1841
2008-04-19,1842
2008-04-20,1843
2008-04-21,1844
2008-04-22,1845
2008-04-23,1846
2008-04-24,1847
2008-04-25,1848
2008-04-26,1849
2008-04-27,1850
2008-04-28,1851
2008-04-29,1852
2008-04-30,1853
2008-05-01,1854
2008-05-02,1854
2008-05-03,1855
2008-05-04,1856
2008-05-05,1857
2008-05-06,1858
2008-05-07,1859
2008-05-08,1900
2008-05-09,1901
2008-05-10,1902
2008-05-11,1903
2008-05-12,1904
2008-05-13,1905
2008-05-14,1906
2008-05-15,1906
2008-05-16,1907
2008-05-17,1908
2008-05-18,1909
2008-05-19,1910
2008-05-20,1911
2008-05-21,1912
2008-05-22,1912
2008-05-23,1913
2008-05-24,1914
2008-05-25,1915
2008-05-26,1916
2008-05-27,1916
2008-05-28,1917
2008-05-29,1918
2008-05-30,1919
2008-05-31,1919
2008-06-01,1920
2008-06-02,1921
2008-06-03,1921
2008-06-04,1922
2008-06-05,1923
2008-06-06,1923
2008-06-07,1924
2008-06-08,1924
2008-06-09,1925
2008-06-10,1925
2008-06-11,1926
2008-06-12,1926
2008-06-13,1927
2008-06-14,1927
2008-06-15,1927
2008-06-16,1928
2008-06-17,1928
2008-06-18,1928
2008-06-19,1929
2008-06-20,1929
2008-06-21,1929
2008-06-22,1929
2008-06-23,1929
2008-06-24,1929
2008-06-25,1930
2008-06-26,1930
2008-06-27,1930
2008-06-28,1930
2008-06-29,1930
2008-06-30,1929
2008-07-01,1929
2008-07-02,1929
2008-07-03,1929
2008-07-04,1929
2008-07-05,1929
2008-07-06,1928
2008-07-07,1928
2008-07-08,1928
2008-07-09,1927
2008-07-10,1927
2008-07-11,1927
2008-07-12,1926
2008-07-13,1926
2008-07-14,1925
2008-07-15,1925
2008-07-16,1924
2008-07-17,1923
2008-07-18,1923
2008-07-19,1922
2008-07-20,1921
2008-07-21,1921
2008-07-22,1920
2008-07-23,1919
2008-07-24,1918
2008-07-25,1918
2008-07-26,1917
2008-07-27,1916
2008-07-28,1915
2008-07-29,1914
2008-07-30,1913
2008-07-31,1912
2008-08-01,1911
2008-08-02,1910
2008-08-03,1909
2008-08-04,1908
2008-08-05,1907
2008-08-06,1906
2008-08-07,1904
2008-08-08,1903
2008-08-09,1902
2008-08-10,1901
2008-08-11,1900
2008-08-12,1858
2008-08-13,1857
2008-08-14,1856
2008-08-15,1855
2008-08-16,1853
2008-08-17,1852
2008-08-18,1851
2008-08-19,1849
2008-08-20,1848
2008-08-21,1846
2008-08-22,1845
2008-08-23,1844
2008-08-24,1842
2008-08-25,1841
2008-08-26,1839
2008-08-27,1838
2008-08-28,1836
2008-08-29,1835
2008-08-30,1833
2008-08-31,1832
2008-09-01,1830
2008-09-02,1829
2008-09-03,1827
2008-09-04,1826
2008-09-05,1824
2008-09-06,1823
2008-09-07,1821
2008-09-08,1819
2008-09-09,1818
2008-09-10,1816
2008-09-11,1815
2008-09-12,1813
2008-09-13,1812
2008-09-14,1810
2008-09-15,1808
2008-09-16,1807
2008-09-17,1805
2008-09-18,1804
2008-09-19,1802
2008-09-20,1800
2008-09-21,1759
2008-09-22,1757
2008-09-23,1756
2008-09-24,1754
2008-09-25,1752
2008-09-26,1751
2008-09-27,1749
2008-09-28,1748
2008-09-29,1746
2008-09-30,1745
2008-10-01,1743
2008-10-02,1741
2008-10-03,1740
2008-10-04,1738
2008-10-05,1737
2008-10-06,1735
2008-10-07,1734
2008-10-08,1732
2008-10-09,1731
2008-10-10,1729
2008-10-11,1728
2008-10-12,1726
2008-10-13,1725
2008-10-14,1723
2008-10-15,1722
2008-10-16,1721
2008-10-17,1719
2008-10-18,1718
2008-10-19,1716
2008-10-20,1715
2008-10-21,1714
2008-10-22,1712
2008-10-23,1711
2008-10-24,1710
2008-10-25,1709
2008-10-26,1707
2008-10-27,1706
2008-10-28,1705
2008-10-29,1704
2008-10-30,1703
2008-10-31,1701
2008-11-01,1700
2008-11-02,1659
2008-11-03,1658
2008-11-04,1657
2008-11-05,1656
2008-11-06,1655
2008-11-07,1654
2008-11-08,1653
2008-11-09,1652
2008-11-10,1651
2008-11-11,1651
2008-11-12,1650
2008-11-13,1649
2008-11-14,1648
2008-11-15,1647
2008-11-16,1647
2008-11-17,1646
2008-11-18,1645
2008-11-19,1645
2008-11-20,1644
2008-11-21,1644
2008-11-22,1643
2008-11-23,1643
2008-11-24,1642
2008-11-25,1642
2008-11-26,1641
2008-11-27,1641
2008-11-28,1641
2008-11-29,1640
2008-11-30,1640
2008-12-01,1640
2008-12-02,1640
2008-12-03,1640
2008-12-04,1640
2008-12-05,1640
2008-12-06,1640
2008-12-07,1640
2008-12-08,1640
2008-12-09,1640
2008-12-10,1640
2008-12-11,1640
2008-12-12,1640
2008-12-13,1640
2008-12-14,1641
2008-12-15,1641
2008-12-16,1641
2008-12-17,1642
2008-12-18,1642
2008-12-19,1642
2008-12-20,1643
2008-12-21,1643
2008-12-22,1644
2008-12-23,1644
2008-12-24,1645
2008-12-25,1646
2008-12-26,1646
2008-12-27,1647
2008-12-28,1648
2008-12-29,1648
2008-12-30,1649
2008-12-31,1650
2009-01-01,1651
2009-01-02,1652
2009-01-03,1652
2009-01-04,1653
2009-01-05,1654
2009-01-06,1655
2009-01-07,1656
2009-01-08,1657
2009-01-09,1658
2009-01-10,1659
2009-01-11,1700
2009-01-12,1701
2009-01-13,1702
2009-01-14,1703
2009-01-15,1704
2009-01-16,1705
2009-01-17,1706
2009-01-18,1707
2009-01-19,1708
2009-01-20,1710
2009-01-21,1711
2009-01-22,1712
2009-01-23,1713
2009-01-24,1714
2009-01-25,1715
2009-01-26,1716
2009-01-27,1718
2009-01-28,1719
2009-01-29,1720
2009-01-30,1721
2009-01-31,1722
2009-02-01,1723
2009-02-02,1724
2009-02-03,1726
2009-02-04,1727
2009-02-05,1728
2009-02-06,1729
2009-02-07,1730
2009-02-08,1731
2009-02-09,1732
2009-02-10,1734
2009-02-11,1735
2009-02-12,1736
2009-02-13,1737
2009-02-14,1738
2009-02-15,1739
2009-02-16,1740
2009-02-17,1741
2009-02-18,1742
2009-02-19,1744
2009-02-20,1745
2009-02-21,1746
2009-02-22,1747
2009-02-23,1748
2009-02-24,1749
2009-02-25,1750
2009-02-26,1751
2009-02-27,1752
2009-02-28,1753
2009-03-01,1754
2009-03-02,1755
2009-03-03,1756
2009-03-04,1757
2009-03-05,1758
2009-03-06,1759
2009-03-07,1800
2009-03-08,1801
2009-03-09,1802
2009-03-10,1803
2009-03-11,1804
2009-03-12,1805
2009-03-13,1806
2009-03-14,1807
2009-03-15,1808
2009-03-16,1809
2009-03-17,1810
2009-03-18,1811
2009-03-19,1812
2009-03-20,1813
2009-03-21,1814
2009-03-22,1815
2009-03-23,1816
2009-03-24,1817
2009-03-25,1818
2009-03-26,1819
2009-03-27,1820
2009-03-28,1821
2009-03-29,1822
2009-03-30,1823
2009-03-31,1824
2009-04-01,1825
2009-04-02,1826
2009-04-03,1827
2009-04-04,1828
2009-04-05,1828
2009-04-06,1829
2009-04-07,1830
2009-04-08,1831
2009-04-09,1832
2009-04-10,1833
2009-04-11,1834
2009-04-12,1835
2009-04-13,1836
2009-04-14,1837
2009-04-15,1838
2009-04-16,1839
2009-04-17,1840
2009-04-18,1841
2009-04-19,1842
2009-04-20,1843
2009-04-21,1844
2009-04-22,1845
2009-04-23,1846
2009-04-24,1847
2009-04-25,1848
2009-04-26,1849
2009-04-27,1849
2009-04-28,1850
2009-04-29,1851
2009-04-30,1852
2009-05-01,1853
2009-05-02,1854
2009-05-03,1855
2009-05-04,1856
2009-05-05,1857
2009-05-06,1858
2009-05-07,1859
2009-05-08,1900
2009-05-09,1901
2009-05-10,1902
2009-05-11,1903
2009-05-12,1904
2009-05-13,1904
2009-05-14,1905
2009-05-15,1906
2009-05-16,1907
2009-05-17,1908
2009-05-18,1909
2009-05-19,1910
2009-05-20,1911
2009-05-21,1911
2009-05-22,1912
2009-05-23,1913
2009-05-24,1914
2009-05-25,1915
2009-05-26,1915
2009-05-27,1916
2009-05-28,1917
2009-05-29,1918
2009-05-30,1918
2009-05-31,1919
2009-06-01,1920
2009-06-02,1921
2009-06-03,1921
2009-06-04,1922
2009-06-05,1922
2009-06-06,1923
2009-06-07,1924
2009-06-08,1924
2009-06-09,1925
2009-06-10,1925
2009-06-11,1926
2009-06-12,1926
2009-06-13,1926
2009-06-14,1927
2009-06-15,1927
2009-06-16,1928
2009-06-17,1928
2009-06-18,1928
2009-06-19,1929
2009-06-20,1929
2009-06-21,1929
2009-06-22,1929
2009-06-23,1929
2009-06-24,1929
2009-06-25,1929
2009-06-26,1930
2009-06-27,1930
2009-06-28,1930
2009-06-29,1930
2009-06-30,1929
2009-07-01,1929
2009-07-02,1929
2009-07-03,1929
2009-07-04,1929
2009-07-05,1929
2009-07-06,1928
2009-07-07,1928
2009-07-08,1928
2009-07-09,1927
2009-07-10,1927
2009-07-11,1927
2009-07-12,1926
2009-07-13,1926
2009-07-14,1925
2009-07-15,1925
2009-07-16,1924
2009-07-17,1924
2009-07-18,1923
2009-07-19,1922
2009-07-20,1922
2009-07-21,1921
2009-07-22,1920
2009-07-23,1919
2009-07-24,1919
2009-07-25,1918
2009-07-26,1917
2009-07-27,1916
2009-07-28,1915
2009-07-29,1914
2009-07-30,1913
2009-07-31,1912
2009-08-01,1911
2009-08-02,1910
2009-08-03,1909
2009-08-04,1908
2009-08-05,1907
2009-08-06,1906
2009-08-07,1905
2009-08-08,1904
2009-08-09,1902
2009-08-10,1901
2009-08-11,1900
2009-08-12,1859
2009-08-13,1857
2009-08-14,1856
2009-08-15,1855
2009-08-16,1854
2009-08-17,1852
2009-08-18,1851
2009-08-19,1850
2009-08-20,1848
2009-08-21,1847
2009-08-22,1845
2009-08-23,1844
2009-08-24,1843
2009-08-25,1841
2009-08-26,1840
2009-08-27,1838
2009-08-28,1837
2009-08-29,1835
2009-08-30,1834
2009-08-31,1832
2009-09-01,1831
2009-09-02,1829
2009-09-03,1828
2009-09-04,1826
2009-09-05,1825
2009-09-06,1823
2009-09-07,1821
2009-09-08,1820
2009-09-09,1818
2009-09-10,1817
2009-09-11,1815
2009-09-12,1814
2009-09-13,1812
2009-09-14,1810
2009-09-15,1809
2009-09-16,1807
2009-09-17,1806
2009-09-18,1804
2009-09-19,1802
2009-09-20,1801
2009-09-21,1759
2009-09-22,1758
2009-09-23,1756
2009-09-24,1754
2009-09-25,1753
2009-09-26,1751
2009-09-27,1750
2009-09-28,1748
2009-09-29,1747
2009-09-30,1745
2009-10-01,1743
2009-10-02,1742
2009-10-03,1740
2009-10-04,1739
2009-10-05,1737
2009-10-06,1736
2009-10-07,1734
2009-10-08,1733
2009-10-09,1731
2009-10-10,1730
2009-10-11,1728
2009-10-12,1727
2009-10-13,1725
2009-10-14,1724
2009-10-15,1722
2009-10-16,1721
2009-10-17,1720
2009-10-18,1718
2009-10-19,1717
2009-10-20,1715
2009-10-21,1714
2009-10-22,1713
2009-10-23,1712
2009-10-24,1710
2009-10-25,1709
2009-10-26,1708
2009-10-27,1706
2009-10-28,1705
2009-10-29,1704
2009-10-30,1703
2009-10-31,1702
2009-11-01,1701
2009-11-02,1700
2009-11-03,1658
2009-11-04,1657
2009-11-05,1656
2009-11-06,1655
2009-11-07,1654
2009-11-08,1653
2009-11-09,1653
2009-11-10,1652
2009-11-11,1651
2009-11-12,1650
2009-11-13,1649
2009-11-14,1648
2009-11-15,1648
2009-11-16,1647
2009-11-17,1646
2009-11-18,1646
2009-11-19,1645
2009-11-20,1644
2009-11-21,1644
2009-11-22,1643
2009-11-23,1643
2009-11-24,1642
2009-11-25,1642
2009-11-26,1641
2009-11-27,1641
2009-11-28,1641
2009-11-29,1641
2009-11-30,1640
2009-12-01,1640
2009-12-02,1640
2009-12-03,1640
2009-12-04,1640
2009-12-05,1640
2009-12-06,1640
2009-12-07,1640
2009-12-08,1640
2009-12-09,1640
2009-12-10,1640
2009-12-11,1640
2009-12-12,1640
2009-12-13,1640
2009-12-14,1641
2009-12-15,1641
2009-12-16,1641
2009-12-17,1642
2009-12-18,1642
2009-12-19,1642
2009-12-20,1643
2009-12-21,1643
2009-12-22,1644
2009-12-23,1644
2009-12-24,1645
2009-12-25,1646
2009-12-26,1646
2009-12-27,1647
2009-12-28,1648
2009-12-29,1648
2009-12-30,1649
2009-12-31,1650
2010-01-01,1651
2010-01-02,1651
2010-01-03,1652
2010-01-04,1653
2010-01-05,1654
2010-01-06,1655
2010-01-07,1656
2010-01-08,1657
2010-01-09,1658
2010-01-10,1659
2010-01-11,1700
2010-01-12,1701
2010-01-13,1702
2010-01-14,1703
2010-01-15,1704
2010-01-16,1705
2010-01-17,1706
2010-01-18,1707
2010-01-19,1708
2010-01-20,1709
2010-01-21,1710
2010-01-22,1712
2010-01-23,1713
2010-01-24,1714
2010-01-25,1715
2010-01-26,1716
2010-01-27,1717
2010-01-28,1718
2010-01-29,1720
2010-01-30,1721
2010-01-31,1722
2010-02-01,1723
2010-02-02,1724
2010-02-03,1725
2010-02-04,1726
2010-02-05,1728
2010-02-06,1729
2010-02-07,1730
2010-02-08,1731
2010-02-09,1732
2010-02-10,1733
2010-02-11,1734
2010-02-12,1736
2010-02-13,1737
2010-02-14,1738
2010-02-15,1739
2010-02-16,1740
2010-02-17,1741
2010-02-18,1742
2010-02-19,1743
2010-02-20,1744
2010-02-21,1745
2010-02-22,1747
2010-02-23,1748
2010-02-24,1749
2010-02-25,1750
2010-02-26,1751
2010-02-27,1752
2010-02-28,1753
2010-03-01,1754
2010-03-02,1755
2010-03-03,1756
2010-03-04,1757
2010-03-05,1758
2010-03-06,1759
2010-03-07,1800
2010-03-08,1801
2010-03-09,1802
2010-03-10,1803
2010-03-11,1804
2010-03-12,1805
2010-03-13,1806
2010-03-14,1807
2010-03-15,1808
2010-03-16,1809
2010-03-17,1810
2010-03-18,1811
2010-03-19,1812
2010-03-20,1813
2010-03-21,1814
2010-03-22,1815
2010-03-23,1816
2010-03-24,1817
2010-03-25,1818
2010-03-26,1819
2010-03-27,1820
2010-03-28,1821
2010-03-29,1822
2010-03-30,1823
2010-03-31,1823
2010-04-01,1824
2010-04-02,1825
2010-04-03,1826
2010-04-04,1827
2010-04-05,1828
2010-04-06,1829
2010-04-07,1830
2010-04-08,1831
2010-04-09,1832
2010-04-10,1833
2010-04-11,1834
2010-04-12,1835
2010-04-13,1836
2010-04-14,1837
2010-04-15,1838
2010-04-16,1839
2010-04-17,1840
2010-04-18,1841
2010-04-19,1842
2010-04-20,1843
2010-04-21,1844
2010-04-22,1844
2010-04-23,1845
2010-04-24,1846
2010-04-25,1847
2010-04-26,1848
2010-04-27,1849
2010-04-28,1850
2010-04-29,1851
2010-04-30,1852
2010-05-01,1853
2010-05-02,1854
2010-05-03,1855
2010-05-04,1856
2010-05-05,1857
2010-05-06,1858
2010-05-07,1859
2010-05-08,1900
2010-05-09,1901
2010-05-10,1901
2010-05-11,1902
2010-05-12,1903
2010-05-13,1904
2010-05-14,1905
2010-05-15,1906
2010-05-16,1907
2010-05-17,1908
2010-05-18,1909
2010-05-19,1910
2010-05-20,1910
2010-05-21,1911
2010-05-22,1912
2010-05-23,1913
2010-05-24,1914
2010-05-25,1915
2010-05-26,1915
2010-05-27,1916
2010-05-28,1917
2010-05-29,1918
2010-05-30,1918
2010-05-31,1919
2010-06-01,1920
2010-06-02,1920
2010-06-03,1921
2010-06-04,1922
2010-06-05,1922
2010-06-06,1923
2010-06-07,1923
2010-06-08,1924
2010-06-09,1925
2010-06-10,1925
2010-06-11,1926
2010-06-12,1926
2010-06-13,1926
2010-06-14,1927
2010-06-15,1927
2010-06-16,1928
2010-06-17,1928
2010-06-18,1928
2010-06-19,1928
2010-06-20,1929
2010-06-21,1929
2010-06-22,1929
2010-06-23,1929
2010-06-24,1929
2010-06-25,1929
2010-06-26,1930
2010-06-27,1930
2010-06-28,1930
2010-06-29,1930
2010-06-30,1929
2010-07-01,1929
2010-07-02,1929
2010-07-03,1929
2010-07-04,1929
2010-07-05,1929
2010-07-06,1928
2010-07-07,1928
2010-07-08,1928
2010-07-09,1928
2010-07-10,1927
2010-07-11,1927
2010-07-12,1926
2010-07-13,1926
2010-07-14,1925
2010-07-15,1925
2010-07-16,1924
2010-07-17,1924
2010-07-18,1923
2010-07-19,1922
2010-07-20,1922
2010-07-21,1921
2010-07-22,1920
2010-07-23,1920
2010-07-24,1919
2010-07-25,1918
2010-07-26,1917
2010-07-27,1916
2010-07-28,1915
2010-07-29,1914
2010-07-30,1913
2010-07-31,1912
2010-08-01,1911
2010-08-02,1910
2010-08-03,1909
2010-08-04,1908
2010-08-05,1907
2010-08-06,1906
2010-08-07,1905
2010-08-08,1904
2010-08-09,1903
2010-08-10,1901
2010-08-11,1900
2010-08-12,1859
2010-08-13,1858
2010-08-14,1857
2010-08-15,1855
2010-08-16,1854
2010-08-17,1853
2010-08-18,1851
2010-08-19,1850
2010-08-20,1849
2010-08-21,1847
2010-08-22,1846
2010-08-23,1844
2010-08-24,1843
2010-08-25,1841
2010-08-26,1840
2010-08-27,1839
2010-08-28,1837
2010-08-29,1836
2010-08-30,1834
2010-08-31,1833
2010-09-01,1831
2010-09-02,1830
2010-09-03,1828
2010-09-04,1826
2010-09-05,1825
2010-09-06,1823
2010-09-07,1822
2010-09-08,1820
2010-09-09,1819
2010-09-10,1817
2010-09-11,1816
2010-09-12,1814
2010-09-13,1812
2010-09-14,1811
2010-09-15,1809
2010-09-16,1808
2010-09-17,1806
2010-09-18,1804
2010-09-19,1803
2010-09-20,1801
2010-09-21,1800
2010-09-22,1758
2010-09-23,1756
2010-09-24,1755
2010-09-25,1753
2010-09-26,1752
2010-09-27,1750
2010-09-28,1748
2010-09-29,1747
2010-09-30,1745
2010-10-01,1744
2010-10-02,1742
2010-10-03,1741
2010-10-04,1739
2010-10-05,1738
2010-10-06,1736
2010-10-07,1735
2010-10-08,1733
2010-10-09,1732
2010-10-10,1730
2010-10-11,1729
2010-10-12,1727
2010-10-13,1726
2010-10-14,1724
2010-10-15,1723
2010-10-16,1721
2010-10-17,1720
2010-10-18,1719
2010-10-19,1717
2010-10-20,1716
2010-10-21,1714
2010-10-22,1713
2010-10-23,1712
2010-10-24,1711
2010-10-25,1709
2010-10-26,1708
2010-10-27,1707
2010-10-28,1706
2010-10-29,1704
2010-10-30,1703
2010-10-31,1702
2010-11-01,1701
2010-11-02,1700
2010-11-03,1659
2010-11-04,1658
2010-11-05,1657
2010-11-06,1656
2010-11-07,1655
2010-11-08,1654
2010-11-09,1653
2010-11-10,1652
2010-11-11,1651
2010-11-12,1650
2010-11-13,1649
2010-11-14,1649
2010-11-15,1648
2010-11-16,1647
2010-11-17,1646
2010-11-18,1646
2010-11-19,1645
2010-11-20,1644
2010-11-21,1644
2010-11-22,1643
2010-11-23,1643
2010-11-24,1642
2010-11-25,1642
2010-11-26,1642
2010-11-27,1641
2010-11-28,1641
2010-11-29,1641
2010-11-30,1640
2010-12-01,1640
2010-12-02,1640
2010-12-03,1640
2010-12-04,1640
2010-12-05,1640
2010-12-06,1640
2010-12-07,1640
2010-12-08,1640
2010-12-09,1640
2010-12-10,1640
2010-12-11,1640
2010-12-12,1640
2010-12-13,1640
2010-12-14,1640
2010-12-15,1641
2010-12-16,1641
2010-12-17,1641
2010-12-18,1642
2010-12-19,1642
2010-12-20,1643
2010-12-21,1643
2010-12-22,1644
2010-12-23,1644
2010-12-24,1645
2010-12-25,1645
2010-12-26,1646
2010-12-27,1647
2010-12-28,1647
2010-12-29,1648
2010-12-30,1649
2010-12-31,1650
2011-01-01,1650
2011-01-02,1651
2011-01-03,1652
2011-01-04,1653
2011-01-05,1654
2011-01-06,1655
2011-01-07,1656
2011-01-08,1657
2011-01-09,1658
2011-01-10,1659
2011-01-11,1700
2011-01-12,1701
2011-01-13,1702
2011-01-14,1703
2011-01-15,1704
2011-01-16,1705
2011-01-17,1706
2011-01-18,1707
2011-01-19,1708
2011-01-20,1709
2011-01-21,1710
2011-01-22,1711
2011-01-23,1712
2011-01-24,1714
2011-01-25,1715
2011-01-26,1716
2011-01-27,1717
2011-01-28,1718
2011-01-29,1719
2011-01-30,1720
2011-01-31,1722
2011-02-01,1723
2011-02-02,1724
2011-02-03,1725
2011-02-04,1726
2011-02-05,1727
2011-02-06,1728
2011-02-07,1730
2011-02-08,1731
2011-02-09,1732
2011-02-10,1733
2011-02-11,1734
2011-02-12,1735
2011-02-13,1736
2011-02-14,1738
2011-02-15,1739
2011-02-16,1740
2011-02-17,1741
2011-02-18,1742
2011-02-19,1743
2011-02-20,1744
2011-02-21,1745
2011-02-22,1746
2011-02-23,1747
2011-02-24,1748
2011-02-25,1750
2011-02-26,1751
2011-02-27,1752
2011-02-28,1753
2011-03-01,1754
2011-03-02,1755
2011-03-03,1756
2011-03-04,1757
2011-03-05,1758
2011-03-06,1759
2011-03-07,1800
2011-03-08,1801
2011-03-09,1802
2011-03-10,1803
2011-03-11,1804
2011-03-12,1805
2011-03-13,1806
2011-03-14,1807
2011-03-15,1808
2011-03-16,1809
2011-03-17,1810
2011-03-18,1811
2011-03-19,1812
2011-03-20,1813
2011-03-21,1814
2011-03-22,1815
2011-03-23,1816
2011-03-24,1817
2011-03-25,1818
2011-03-26,1818
2011-03-27,1819
2011-03-28,1820
2011-03-29,1821
2011-03-30,1822
2011-03-31,1823
2011-04-01,1824
2011-04-02,1825
2011-04-03,1826
2011-04-04,1827
2011-04-05,1828
2011-04-06,1829
2011-04-07,1830
2011-04-08,1831
2011-04-09,1832
2011-04-10,1833
2011-04-11,1834
2011-04-12,1835
2011-04-13,1836
2011-04-14,1837
2011-04-15,1838
2011-04-16,1839
2011-04-17,1839
2011-04-18,1840
2011-04-19,1841
2011-04-20,1842
2011-04-21,1843
2011-04-22,1844
2011-04-23,1845
2011-04-24,1846
2011-04-25,1847
2011-04-26,1848
2011-04-27,1849
2011-04-28,1850
2011-04-29,1851
2011-04-30,1852
2011-05-01,1853
2011-05-02,1854
2011-05-03,1855
2011-05-04,1856
2011-05-05,1857
2011-05-06,1858
2011-05-07,1859
2011-05-08,1859
2011-05-09,1900
2011-05-10,1901
2011-05-11,1902
2011-05-12,1903
2011-05-13,1904
2011-05-14,1905
2011-05-15,1906
2011-05-16,1907
2011-05-17,1908
2011-05-18,1908
2011-05-19,1909
2011-05-20,1910
2011-05-21,1911
2011-05-22,1912
2011-05-23,1913
2011-05-24,1914
2011-05-25,1914
2011-05-26,1915
2011-05-27,1916
2011-05-28,1917
2011-05-29,1917
2011-05-30,1918
2011-05-31,1919
2011-06-01,1920
2011-06-02,1920
2011-06-03,1921
2011-06-04,1922
2011-06-05,1922
2011-06-06,1923
2011-06-07,1923
2011-06-08,1924
2011-06-09,1924
2011-06-10,1925
2011-06-11,1925
2011-06-12,1926
2011-06-13,1926
2011-06-14,1927
2011-06-15,1927
2011-06-16,1927
2011-06-17,1928
2011-06-18,1928
2011-06-19,1928
2011-06-20,1929
2011-06-21,1929
2011-06-22,1929
2011-06-23,1929
2011-06-24,1929
2011-06-25,1929
2011-06-26,1930
2011-06-27,1930
2011-06-28,1930
2011-06-29,1930
2011-06-30,1930
2011-07-01,1929
2011-07-02,1929
2011-07-03,1929
2011-07-04,1929
2011-07-05,1929
2011-07-06,1929
2011-07-07,1928
2011-07-08,1928
2011-07-09,1928
2011-07-10,1927
2011-07-11,1927
2011-07-12,1926
2011-07-13,1926
2011-07-14,1926
2011-07-15,1925
2011-07-16,1924
2011-07-17,1924
2011-07-18,1923
2011-07-19,1923
2011-07-20,1922
2011-07-21,1921
2011-07-22,1920
2011-07-23,1920
2011-07-24,1919
2011-07-25,1918
2011-07-26,1917
2011-07-27,1916
2011-07-28,1916
2011-07-29,1915
2011-07-30,1914
2011-07-31,1913
2011-08-01,1912
2011-08-02,1911
2011-08-03,1910
2011-08-04,1909
2011-08-05,1908
2011-08-06,1906
2011-08-07,1905
2011-08-08,1904
2011-08-09,1903
2011-08-10,1902
2011-08-11,1901
2011-08-12,1859
2011-08-13,1858
2011-08-14,1857
2011-08-15,1856
2011-08-16,1854
2011-08-17,1853
2011-08-18,1852
2011-08-19,1850
2011-08-20,1849
2011-08-21,1847
2011-08-22,1846
2011-08-23,1845
2011-08-24,1843
2011-08-25,1842
2011-08-26,1840
2011-08-27,1839
2011-08-28,1837
2011-08-29,1836
2011-08-30,1834
2011-08-31,1833
2011-09-01,1831
2011-09-02,1830
2011-09-03,1828
2011-09-04,1827
2011-09-05,1825
2011-09-06,1824
2011-09-07,1822
2011-09-08,1821
2011-09-09,1819
2011-09-10,1817
2011-09-11,1816
2011-09-12,1814
2011-09-13,1813
2011-09-14,1811
2011-09-15,1810
2011-09-16,1808
2011-09-17,1806
2011-09-18,1805
2011-09-19,1803
2011-09-20,1802
2011-09-21,1800
2011-09-22,1758
2011-09-23,1757
2011-09-24,1755
2011-09-25,1754
2011-09-26,1752
2011-09-27,1750
2011-09-28,1749
2011-09-29,1747
2011-09-30,1746
2011-10-01,1744
2011-10-02,1743
2011-10-03,1741
2011-10-04,1740
2011-10-05,1738
2011-10-06,1736
2011-10-07,1735
2011-10-08,1733
2011-10-09,1732
2011-10-10,1730
2011-10-11,1729
2011-10-12,1727
2011-10-13,1726
2011-10-14,1725
2011-10-15,1723
2011-10-16,1722
2011-10-17,1720
2011-10-18,1719
2011-10-19,1717
2011-10-20,1716
2011-10-21,1715
2011-10-22,1713
2011-10-23,1712
2011-10-24,1711
2011-10-25,1710
2011-10-26,1708
2011-10-27,1707
2011-10-28,1706
2011-10-29,1705
2011-10-30,1703
2011-10-31,1702
2011-11-01,1701
2011-11-02,1700
2011-11-03,1659
2011-11-04,1658
2011-11-05,1657
2011-11-06,1656
2011-11-07,1655
2011-11-08,1654
2011-11-09,1653
2011-11-10,1652
2011-11-11,1651
2011-11-12,1650
2011-11-13,1650
2011-11-14,1649
2011-11-15,1648
2011-11-16,1647
2011-11-17,1647
2011-11-18,1646
2011-11-19,1645
2011-11-20,1645
2011-11-21,1644
2011-11-22,1643
2011-11-23,1643
2011-11-24,1643
2011-11-25,1642
2011-11-26,1642
2011-11-27,1641
2011-11-28,1641
2011-11-29,1641
2011-11-30,1640
2011-12-01,1640
2011-12-02,1640
2011-12-03,1640
2011-12-04,1640
2011-12-05,1640
2011-12-06,1640
2011-12-07,1640
2011-12-08,1640
2011-12-09,1640
2011-12-10,1640
2011-12-11,1640
2011-12-12,1640
2011-12-13,1640
2011-12-14,1640
2011-12-15,1641
2011-12-16,1641
2011-12-17,1641
2011-12-18,1642
2011-12-19,1642
2011-12-20,1643
2011-12-21,1643
2011-12-22,1644
2011-12-23,1644
2011-12-24,1645
2011-12-25,1645
2011-12-26,1646
2011-12-27,1647
2011-12-28,1647
2011-12-29,1648
2011-12-30,1649
2011-12-31,1649
2012-01-01,1650
2012-01-02,1651
2012-01-03,1652
2012-01-04,1653
2012-01-05,1654
2012-01-06,1654
2012-01-07,1655
2012-01-08,1656
2012-01-09,1657
2012-01-10,1658
2012-01-11,1659
2012-01-12,1700
2012-01-13,1701
2012-01-14,1702
2012-01-15,1703
2012-01-16,1704
2012-01-17,1705
2012-01-18,1707
2012-01-19,1708
2012-01-20,1709
2012-01-21,1710
2012-01-22,1711
2012-01-23,1712
2012-01-24,1713
2012-01-25,1714
2012-01-26,1716
2012-01-27,1717
2012-01-28,1718
2012-01-29,1719
2012-01-30,1720
2012-01-31,1721
2012-02-01,1722
2012-02-02,1724
2012-02-03,1725
2012-02-04,1726
2012-02-05,1727
2012-02-06,1728
2012-02-07,1729
2012-02-08,1730
2012-02-09,1732
2012-02-10,1733
2012-02-11,1734
2012-02-12,1735
2012-02-13,1736
2012-02-14,1737
2012-02-15,1738
2012-02-16,1739
2012-02-17,1741
2012-02-18,1742
2012-02-19,1743
2012-02-20,1744
2012-02-21,1745
2012-02-22,1746
2012-02-23,1747
2012-02-24,1748
2012-02-25,1749
2012-02-26,1750
2012-02-27,1751
2012-02-28,1752
2012-02-29,1753
2012-03-01,1755
2012-03-02,1756
2012-03-03,1757
2012-03-04,1758
2012-03-05,1759
2012-03-06,1800
2012-03-07,1801
2012-03-08,1802
2012-03-09,1803
2012-03-10,1804
2012-03-11,1805
2012-03-12,1806
2012-03-13,1807
2012-03-14,1808
2012-03-15,1809
2012-03-16,1810
2012-03-17,1811
2012-03-18,1811
2012-03-19,1812
2012-03-20,1813
2012-03-21,1814
2012-03-22,1815
2012-03-23,1816
2012-03-24,1817
2012-03-25,1818
2012-03-26,1819
2012-03-27,1820
2012-03-28,1821
2012-03-29,1822
2012-03-30,1823
2012-03-31,1824
2012-04-01,1825
2012-04-02,1826
2012-04-03,1827
2012-04-04,1828
2012-04-05,1829
2012-04-06,1830
2012-04-07,1831
2012-04-08,1832
2012-04-09,1833
2012-04-10,1833
2012-04-11,1834
2012-04-12,1835
2012-04-13,1836
2012-04-14,1837
2012-04-15,1838
2012-04-16,1839
2012-04-17,1840
2012-04-18,1841
2012-04-19,1842
2012-04-20,1843
2012-04-21,1844
2012-04-22,1845
2012-04-23,1846
2012-04-24,1847
2012-04-25,1848
2012-04-26,1849
2012-04-27,1850
2012-04-28,1851
2012-04-29,1852
2012-04-30,1853
2012-05-01,1854
2012-05-02,1854
2012-05-03,1855
2012-05-04,1856
2012-05-05,1857
2012-05-06,1858
2012-05-07,1859
2012-05-08,1900
2012-05-09,1901
2012-05-10,1902
2012-05-11,1903
2012-05-12,1904
2012-05-13,1905
2012-05-14,1906
2012-05-15,1906
2012-05-16,1907
2012-05-17,1908
2012-05-18,1909
2012-05-19,1910
2012-05-20,1911
2012-05-21,1912
2012-05-22,1913
2012-05-23,1913
2012-05-24,1914
2012-05-25,1915
2012-05-26,1916
2012-05-27,1916
2012-05-28,1917
2012-05-29,1918
2012-05-30,1919
2012-05-31,1919
2012-06-01,1920
2012-06-02,1921
2012-06-03,1921
2012-06-04,1922
2012-06-05,1923
2012-06-06,1923
2012-06-07,1924
2012-06-08,1924
2012-06-09,1925
2012-06-10,1925
2012-06-11,1926
2012-06-12,1926
2012-06-13,1927
2012-06-14,1927
2012-06-15,1927
2012-06-16,1928
2012-06-17,1928
2012-06-18,1928
2012-06-19,1929
2012-06-20,1929
2012-06-21,1929
2012-06-22,1929
2012-06-23,1929
2012-06-24,1929
2012-06-25,1930
2012-06-26,1930
2012-06-27,1930
2012-06-28,1930
2012-06-29,1930
2012-06-30,1929
2012-07-01,1929
2012-07-02,1929
2012-07-03,1929
2012-07-04,1929
2012-07-05,1929
2012-07-06,1928
2012-07-07,1928
2012-07-08,1928
2012-07-09,1927
2012-07-10,1927
2012-07-11,1927
2012-07-12,1926
2012-07-13,1926
2012-07-14,1925
2012-07-15,1925
2012-07-16,1924
2012-07-17,1923
2012-07-18,1923
2012-07-19,1922
2012-07-20,1921
2012-07-21,1921
2012-07-22,1920
2012-07-23,1919
2012-07-24,1918
2012-07-25,1918
2012-07-26,1917
2012-07-27,1916
2012-07-28,1915
2012-07-29,1914
2012-07-30,1913
2012-07-31,1912
2012-08-01,1911
2012-08-02,1910
2012-08-03,1909
2012-08-04,1908
2012-08-05,1907
2012-08-06,1906
2012-08-07,1904
2012-08-08,1903
2012-08-09,1902
2012-08-10,1901
2012-08-11,1900
2012-08-12,1858
2012-08-13,1857
2012-08-14,1856
2012-08-15,1855
2012-08-16,1853
2012-08-17,1852
2012-08-18,1851
2012-08-19,1849
2012-08-20,1848
2012-08-21,1846
2012-08-22,1845
2012-08-23,1844
2012-08-24,1842
2012-08-25,1841
2012-08-26,1839
2012-08-27,1838
2012-08-28,1836
2012-08-29,1835
2012-08-30,1833
2012-08-31,1832
2012-09-01,1830
2012-09-02,1829
2012-09-03,1827
2012-09-04,1826
2012-09-05,1824
2012-09-06,1823
2012-09-07,1821
2012-09-08,1819
2012-09-09,1818
2012-09-10,1816
2012-09-11,1815
2012-09-12,1813
2012-09-13,1812
2012-09-14,1810
2012-09-15,1808
2012-09-16,1807
2012-09-17,1805
2012-09-18,1804
2012-09-19,1802
2012-09-20,1800
2012-09-21,1759
2012-09-22,1757
2012-09-23,1756
2012-09-24,1754
2012-09-25,1752
2012-09-26,1751
2012-09-27,1749
2012-09-28,1748
2012-09-29,1746
2012-09-30,1745
2012-10-01,1743
2012-10-02,1741
2012-10-03,1740
2012-10-04,1738
2012-10-05,1737
2012-10-06,1735
2012-10-07,1734
2012-10-08,1732
2012-10-09,1731
2012-10-10,1729
2012-10-11,1728
2012-10-12,1726
2012-10-13,1725
2012-10-14,1723
2012-10-15,1722
2012-10-16,1721
2012-10-17,1719
2012-10-18,1718
2012-10-19,1716
2012-10-20,1715
2012-10-21,1714
2012-10-22,1712
2012-10-23,1711
2012-10-24,1710
2012-10-25,1709
2012-10-26,1707
2012-10-27,1706
2012-10-28,1705
2012-10-29,1704
2012-10-30,1703
2012-10-31,1701
2012-11-01,1700
2012-11-02,1659
2012-11-03,1658
2012-11-04,1657
2012-11-05,1656
2012-11-06,1655
2012-11-07,1654
2012-11-08,1653
2012-11-09,1652
2012-11-10,1651
2012-11-11,1651
2012-11-12,1650
2012-11-13,1649
2012-11-14,1648
2012-11-15,1647
2012-11-16,1647
2012-11-17,1646
2012-11-18,1645
2012-11-19,1645
2012-11-20,1644
2012-11-21,1644
2012-11-22,1643
2012-11-23,1643
2012-11-24,1642
2012-11-25,1642
2012-11-26,1641
2012-11-27,1641
2012-11-28,1641
2012-11-29,1640
2012-11-30,1640
2012-12-01,1640
2012-12-02,1640
2012-12-03,1640
2012-12-04,1640
2012-12-05,1640
2012-12-06,1640
2012-12-07,1640
2012-12-08,1640
2012-12-09,1640
2012-12-10,1640
2012-12-11,1640
2012-12-12,1640
2012-12-13,1640
2012-12-14,1641
2012-12-15,1641
2012-12-16,1641
2012-12-17,1642
2012-12-18,1642
2012-12-19,1642
2012-12-20,1643
2012-12-21,1643
2012-12-22,1644
2012-12-23,1645
2012-12-24,1645
2012-12-25,1646
2012-12-26,1646
2012-12-27,1647
2012-12-28,1648
2012-12-29,1648
2012-12-30,1649
2012-12-31,1650
2013-01-01,1651
2013-01-02,1652
2013-01-03,1653
2013-01-04,1653
2013-01-05,1654
2013-01-06,1655
2013-01-07,1656
2013-01-08,1657
2013-01-09,1658
2013-01-10,1659
2013-01-11,1700
2013-01-12,1701
2013-01-13,1702
2013-01-14,1703
2013-01-15,1704
2013-01-16,1705
2013-01-17,1706
2013-01-18,1707
2013-01-19,1709
2013-01-20,1710
2013-01-21,1711
2013-01-22,1712
2013-01-23,1713
2013-01-24,1714
2013-01-25,1715
2013-01-26,1716
2013-01-27,1718
2013-01-28,1719
2013-01-29,1720
2013-01-30,1721
2013-01-31,1722
2013-02-01,1723
2013-02-02,1724
2013-02-03,1726
2013-02-04,1727
2013-02-05,1728
2013-02-06,1729
2013-02-07,1730
2013-02-08,1731
2013-02-09,1732
2013-02-10,1734
2013-02-11,1735
2013-02-12,1736
2013-02-13,1737
2013-02-14,1738
2013-02-15,1739
2013-02-16,1740
2013-02-17,1741
2013-02-18,1743
2013-02-19,1744
2013-02-20,1745
2013-02-21,1746
2013-02-22,1747
2013-02-23,1748
2013-02-24,1749
2013-02-25,1750
2013-02-26,1751
2013-02-27,1752
2013-02-28,1753
2013-03-01,1754
2013-03-02,1755
2013-03-03,1756
2013-03-04,1757
2013-03-05,1758
2013-03-06,1759
2013-03-07,1800
2013-03-08,1801
2013-03-09,1802
2013-03-10,1803
2013-03-11,1804
2013-03-12,1805
2013-03-13,1806
2013-03-14,1807
2013-03-15,1808
2013-03-16,1809
2013-03-17,1810
2013-03-18,1811
2013-03-19,1812
2013-03-20,1813
2013-03-21,1814
2013-03-22,1815
2013-03-23,1816
2013-03-24,1817
2013-03-25,1818
2013-03-26,1819
2013-03-27,1820
2013-03-28,1821
2013-03-29,1822
2013-03-30,1823
2013-03-31,1824
2013-04-01,1825
2013-04-02,1826
2013-04-03,1827
2013-04-04,1828
2013-04-05,1828
2013-04-06,1829
2013-04-07,1830
2013-04-08,1831
2013-04-09,1832
2013-04-10,1833
2013-04-11,1834
2013-04-12,1835
2013-04-13,1836
2013-04-14,1837
2013-04-15,1838
2013-04-16,1839
2013-04-17,1840
2013-04-18,1841
2013-04-19,1842
2013-04-20,1843
2013-04-21,1844
2013-04-22,1845
2013-04-23,1846
2013-04-24,1847
2013-04-25,1848
2013-04-26,1849
2013-04-27,1849
2013-04-28,1850
2013-04-29,1851
2013-04-30,1852
2013-05-01,1853
2013-05-02,1854
2013-05-03,1855
2013-05-04,1856
2013-05-05,1857
2013-05-06,1858
2013-05-07,1859
2013-05-08,1900
2013-05-09,1901
2013-05-10,1902
2013-05-11,1903
2013-05-12,1904
2013-05-13,1904
2013-05-14,1905
2013-05-15,1906
2013-05-16,1907
2013-05-17,1908
2013-05-18,1909
2013-05-19,1910
2013-05-20,1911
2013-05-21,1911
2013-05-22,1912
2013-05-23,1913
2013-05-24,1914
2013-05-25,1915
2013-05-26,1915
2013-05-27,1916
2013-05-28,1917
2013-05-29,1918
2013-05-30,1918
2013-05-31,1919
2013-06-01,1920
2013-06-02,1921
2013-06-03,1921
2013-06-04,1922
2013-06-05,1922
2013-06-06,1923
2013-06-07,1924
2013-06-08,1924
2013-06-09,1925
2013-06-10,1925
2013-06-11,1926
2013-06-12,1926
2013-06-13,1926
2013-06-14,1927
2013-06-15,1927
2013-06-16,1928
2013-06-17,1928
2013-06-18,1928
2013-06-19,1928
2013-06-20,1929
2013-06-21,1929
2013-06-22,1929
2013-06-23,1929
2013-06-24,1929
2013-06-25,1929
2013-06-26,1930
2013-06-27,1930
2013-06-28,1930
2013-06-29,1930
2013-06-30,1929
2013-07-01,1929
2013-07-02,1929
2013-07-03,1929
2013-07-04,1929
2013-07-05,1929
2013-07-06,1928
2013-07-07,1928
2013-07-08,1928
2013-07-09,1927
2013-07-10,1927
2013-07-11,1927
2013-07-12,1926
2013-07-13,1926
2013-07-14,1925
2013-07-15,1925
2013-07-16,1924
2013-07-17,1924
2013-07-18,1923
2013-07-19,1922
2013-07-20,1922
2013-07-21,1921
2013-07-22,1920
2013-07-23,1919
2013-07-24,1919
2013-07-25,1918
2013-07-26,1917
2013-07-27,1916
2013-07-28,1915
2013-07-29,1914
2013-07-30,1913
2013-07-31,1912
2013-08-01,1911
2013-08-02,1910
2013-08-03,1909
2013-08-04,1908
2013-08-05,1907
2013-08-06,1906
2013-08-07,1905
2013-08-08,1904
2013-08-09,1902
2013-08-10,1901
2013-08-11,1900
2013-08-12,1859
2013-08-13,1857
2013-08-14,1856
2013-08-15,1855
2013-08-16,1854
2013-08-17,1852
2013-08-18,1851
2013-08-19,1850
2013-08-20,1848
2013-08-21,1847
2013-08-22,1845
2013-08-23,1844
2013-08-24,1842
2013-08-25,1841
2013-08-26,1840
2013-08-27,1838
2013-08-28,1837
2013-08-29,1835
2013-08-30,1834
2013-08-31,1832
2013-09-01,1831
2013-09-02,1829
2013-09-03,1828
2013-09-04,1826
2013-09-05,1824
2013-09-06,1823
2013-09-07,1821
2013-09-08,1820
2013-09-09,1818
2013-09-10,1817
2013-09-11,1815
2013-09-12,1813
2013-09-13,1812
2013-09-14,1810
2013-09-15,1809
2013-09-16,1807
2013-09-17,1806
2013-09-18,1804
2013-09-19,1802
2013-09-20,1801
2013-09-21,1759
2013-09-22,1758
2013-09-23,1756
2013-09-24,1754
2013-09-25,1753
2013-09-26,1751
2013-09-27,1750
2013-09-28,1748
2013-09-29,1746
2013-09-30,1745
2013-10-01,1743
2013-10-02,1742
2013-10-03,1740
2013-10-04,1739
2013-10-05,1737
2013-10-06,1736
2013-10-07,1734
2013-10-08,1733
2013-10-09,1731
2013-10-10,1730
2013-10-11,1728
2013-10-12,1727
2013-10-13,1725
2013-10-14,1724
2013-10-15,1722
2013-10-16,1721
2013-10-17,1720
2013-10-18,1718
2013-10-19,1717
2013-10-20,1715
2013-10-21,1714
2013-10-22,1713
2013-10-23,1711
2013-10-24,1710
2013-10-25,1709
2013-10-26,1708
2013-10-27,1706
2013-10-28,1705
2013-10-29,1704
2013-10-30,1703
2013-10-31,1702
2013-11-01,1701
2013-11-02,1700
2013-11-03,1658
2013-11-04,1657
2013-11-05,1656
2013-11-06,1655
2013-11-07,1654
2013-11-08,1653
2013-11-09,1653
2013-11-10,1652
2013-11-11,1651
2013-11-12,1650
2013-11-13,1649
2013-11-14,1648
2013-11-15,1648
2013-11-16,1647
2013-11-17,1646
2013-11-18,1646
2013-11-19,1645
2013-11-20,1644
2013-11-21,1644
2013-11-22,1643
2013-11-23,1643
2013-11-24,1642
2013-11-25,1642
2013-11-26,1641
2013-11-27,1641
2013-11-28,1641
2013-11-29,1641
2013-11-30,1640
2013-12-01,1640
2013-12-02,1640
2013-12-03,1640
2013-12-04,1640
2013-12-05,1640
2013-12-06,1640
2013-12-07,1640
2013-12-08,1640
2013-12-09,1640
2013-12-10,1640
2013-12-11,1640
2013-12-12,1640
2013-12-13,1640
2013-12-14,1641
2013-12-15,1641
2013-12-16,1641
2013-12-17,1642
2013-12-18,1642
2013-12-19,1642
2013-12-20,1643
2013-12-21,1643
2013-12-22,1644
2013-12-23,1644
2013-12-24,1645
2013-12-25,1646
2013-12-26,1646
2013-12-27,1647
2013-12-28,1648
2013-12-29,1648
2013-12-30,1649
2013-12-31,1650
2014-01-01,1651
2014-01-02,1651
2014-01-03,1652
2014-01-04,1653
2014-01-05,1654
2014-01-06,1655
2014-01-07,1656
2014-01-08,1657
2014-01-09,1658
2014-01-10,1659
2014-01-11,1700
2014-01-12,1701
2014-01-13,1702
2014-01-14,1703
2014-01-15,1704
2014-01-16,1705
2014-01-17,1706
2014-01-18,1707
2014-01-19,1708
2014-01-20,1709
2014-01-21,1710
2014-01-22,1712
2014-01-23,1713
2014-01-24,1714
2014-01-25,1715
2014-01-26,1716
2014-01-27,1717
2014-01-28,1718
2014-01-29,1720
2014-01-30,1721
2014-01-31,1722
2014-02-01,1723
2014-02-02,1724
2014-02-03,1725
2014-02-04,1726
2014-02-05,1728
2014-02-06,1729
2014-02-07,1730
2014-02-08,1731
2014-02-09,1732
2014-02-10,1733
2014-02-11,1734
2014-02-12,1736
2014-02-13,1737
2014-02-14,1738
2014-02-15,1739
2014-02-16,1740
2014-02-17,1741
2014-02-18,1742
2014-02-19,1743
2014-02-20,1744
2014-02-21,1746
2014-02-22,1747
2014-02-23,1748
2014-02-24,1749
2014-02-25,1750
2014-02-26,1751
2014-02-27,1752
2014-02-28,1753
2014-03-01,1754
2014-03-02,1755
2014-03-03,1756
2014-03-04,1757
2014-03-05,1758
2014-03-06,1759
2014-03-07,1800
2014-03-08,1801
2014-03-09,1802
2014-03-10,1803
2014-03-11,1804
2014-03-12,1805
2014-03-13,1806
2014-03-14,1807
2014-03-15,1808
2014-03-16,1809
2014-03-17,1810
2014-03-18,1811
2014-03-19,1812
2014-03-20,1813
2014-03-21,1814
2014-03-22,1815
2014-03-23,1816
2014-03-24,1817
2014-03-25,1818
2014-03-26,1819
2014-03-27,1820
2014-03-28,1821
2014-03-29,1822
2014-03-30,1823
2014-03-31,1824
2014-04-01,1824
2014-04-02,1825
2014-04-03,1826
2014-04-04,1827
2014-04-05,1828
2014-04-06,1829
2014-04-07,1830
2014-04-08,1831
2014-04-09,1832
2014-04-10,1833
2014-04-11,1834
2014-04-12,1835
2014-04-13,1836
2014-04-14,1837
2014-04-15,1838
2014-04-16,1839
2014-04-17,1840
2014-04-18,1841
2014-04-19,1842
2014-04-20,1843
2014-04-21,1844
2014-04-22,1844
2014-04-23,1845
2014-04-24,1846
2014-04-25,1847
2014-04-26,1848
2014-04-27,1849
2014-04-28,1850
2014-04-29,1851
2014-04-30,1852
2014-05-01,1853
2014-05-02,1854
2014-05-03,1855
2014-05-04,1856
2014-05-05,1857
2014-05-06,1858
2014-05-07,1859
2014-05-08,1900
2014-05-09,1901
2014-05-10,1902
2014-05-11,1902
2014-05-12,1903
2014-05-13,1904
2014-05-14,1905
2014-05-15,1906
2014-05-16,1907
2014-05-17,1908
2014-05-18,1909
2014-05-19,1910
2014-05-20,1910
2014-05-21,1911
2014-05-22,1912
2014-05-23,1913
2014-05-24,1914
2014-05-25,1915
2014-05-26,1915
2014-05-27,1916
2014-05-28,1917
2014-05-29,1918
2014-05-30,1918
2014-05-31,1919
2014-06-01,1920
2014-06-02,1920
2014-06-03,1921
2014-06-04,1922
2014-06-05,1922
2014-06-06,1923
2014-06-07,1923
2014-06-08,1924
2014-06-09,1925
2014-06-10,1925
2014-06-11,1926
2014-06-12,1926
2014-06-13,1926
2014-06-14,1927
2014-06-15,1927
2014-06-16,1928
2014-06-17,1928
2014-06-18,1928
2014-06-19,1928
2014-06-20,1929
2014-06-21,1929
2014-06-22,1929
2014-06-23,1929
2014-06-24,1929
2014-06-25,1929
2014-06-26,1930
2014-06-27,1930
2014-06-28,1930
2014-06-29,1930
2014-06-30,1929
2014-07-01,1929
2014-07-02,1929
2014-07-03,1929
2014-07-04,1929
2014-07-05,1929
2014-07-06,1928
2014-07-07,1928
2014-07-08,1928
2014-07-09,1928
2014-07-10,1927
2014-07-11,1927
2014-07-12,1926
2014-07-13,1926
2014-07-14,1925
2014-07-15,1925
2014-07-16,1924
2014-07-17,1924
2014-07-18,1923
2014-07-19,1922
2014-07-20,1922
2014-07-21,1921
2014-07-22,1920
2014-07-23,1920
2014-07-24,1919
2014-07-25,1918
2014-07-26,1917
2014-07-27,1916
2014-07-28,1915
2014-07-29,1914
2014-07-30,1913
2014-07-31,1912
2014-08-01,1911
2014-08-02,1910
2014-08-03,1909
2014-08-04,1908
2014-08-05,1907
2014-08-06,1906
2014-08-07,1905
2014-08-08,1904
2014-08-09,1903
2014-08-10,1901
2014-08-11,1900
2014-08-12,1859
2014-08-13,1858
2014-08-14,1856
2014-08-15,1855
2014-08-16,1854
2014-08-17,1853
2014-08-18,1851
2014-08-19,1850
2014-08-20,1848
2014-08-21,1847
2014-08-22,1846
2014-08-23,1844
2014-08-24,1843
2014-08-25,1841
2014-08-26,1840
2014-08-27,1839
2014-08-28,1837
2014-08-29,1836
2014-08-30,1834
2014-08-31,1833
2014-09-01,1831
2014-09-02,1829
2014-09-03,1828
2014-09-04,1826
2014-09-05,1825
2014-09-06,1823
2014-09-07,1822
2014-09-08,1820
2014-09-09,1819
2014-09-10,1817
2014-09-11,1815
2014-09-12,1814
2014-09-13,1812
2014-09-14,1811
2014-09-15,1809
2014-09-16,1808
2014-09-17,1806
2014-09-18,1804
2014-09-19,1803
2014-09-20,1801
2014-09-21,1800
2014-09-22,1758
2014-09-23,1756
2014-09-24,1755
2014-09-25,1753
2014-09-26,1752
2014-09-27,1750
2014-09-28,1748
2014-09-29,1747
2014-09-30,1745
2014-10-01,1744
2014-10-02,1742
2014-10-03,1741
2014-10-04,1739
2014-10-05,1738
2014-10-06,1736
2014-10-07,1735
2014-10-08,1733
2014-10-09,1731
2014-10-10,1730
2014-10-11,1729
2014-10-12,1727
2014-10-13,1726
2014-10-14,1724
2014-10-15,1723
2014-10-16,1721
2014-10-17,1720
2014-10-18,1719
2014-10-19,1717
2014-10-20,1716
2014-10-21,1714
2014-10-22,1713
2014-10-23,1712
2014-10-24,1711
2014-10-25,1709
2014-10-26,1708
2014-10-27,1707
2014-10-28,1706
2014-10-29,1704
2014-10-30,1703
2014-10-31,1702
2014-11-01,1701
2014-11-02,1700
2014-11-03,1659
2014-11-04,1658
2014-11-05,1657
2014-11-06,1656
2014-11-07,1655
2014-11-08,1654
2014-11-09,1653
2014-11-10,1652
2014-11-11,1651
2014-11-12,1650
2014-11-13,1649
2014-11-14,1649
2014-11-15,1648
2014-11-16,1647
2014-11-17,1646
2014-11-18,1646
2014-11-19,1645
2014-11-20,1644
2014-11-21,1644
2014-11-22,1643
2014-11-23,1643
2014-11-24,1642
2014-11-25,1642
2014-11-26,1642
2014-11-27,1641
2014-11-28,1641
2014-11-29,1641
2014-11-30,1640
2014-12-01,1640
2014-12-02,1640
2014-12-03,1640
2014-12-04,1640
2014-12-05,1640
2014-12-06,1640
2014-12-07,1640
2014-12-08,1640
2014-12-09,1640
2014-12-10,1640
2014-12-11,1640
2014-12-12,1640
2014-12-13,1640
2014-12-14,1640
2014-12-15,1641
2014-12-16,1641
2014-12-17,1641
2014-12-18,1642
2014-12-19,1642
2014-12-20,1643
2014-12-21,1643
2014-12-22,1644
2014-12-23,1644
2014-12-24,1645
2014-12-25,1645
2014-12-26,1646
2014-12-27,1647
2014-12-28,1647
2014-12-29,1648
2014-12-30,1649
2014-12-31,1650
